fecha,NE_diario,NE_media_movil_30d,SO_diario,SO_media_movil_30d
2020-01-01,39.49,29.68,28.38,29.76
2020-01-02,14.51,29.44,8.29,30.24
2020-01-03,9.61,28.71,5.77,29.37
2020-01-04,17.86,28.36,7.95,28.87
2020-01-05,43.01,27.33,32.1,27.99
2020-01-06,42.24,26.41,31.15,27.02
2020-01-07,9.89,25.59,9.67,26.29
2020-01-08,14.6,26.03,22.87,26.63
2020-01-09,37.06,26.21,43.54,26.42
2020-01-10,42.27,25.67,56.73,25.9
2020-01-11,9.68,25.83,10.92,26.37
2020-01-12,24.54,26.07,28.27,26.13
2020-01-13,39.43,25.79,47.4,25.93
2020-01-14,50.94,25.32,51.72,25.54
2020-01-15,50.0,24.83,61.59,25.06
2020-01-16,25.89,24.58,37.48,24.92
2020-01-17,17.03,24.13,15.52,25.29
2020-01-18,22.46,24.38,20.3,26.33
2020-01-19,8.72,25.23,12.17,27.34
2020-01-20,8.9,25.83,8.58,28.34
2020-01-21,9.15,25.35,11.6,27.83
2020-01-22,35.45,24.4,33.95,27.48
2020-01-23,30.14,24.46,21.69,27.75
2020-01-24,13.26,24.8,13.86,28.06
2020-01-25,29.68,24.31,37.76,27.47
2020-01-26,32.08,23.95,20.13,26.38
2020-01-27,18.35,24.59,20.6,26.99
2020-01-28,12.61,24.41,15.02,26.87
2020-01-29,11.08,23.85,11.6,26.38
2020-01-30,17.41,22.77,20.9,25.4
2020-01-31,25.9,21.8,39.53,23.94
2020-02-01,22.27,21.93,39.52,23.91
2020-02-02,35.1,23.2,36.17,24.94
2020-02-03,35.72,23.29,37.77,25.44
2020-02-04,28.66,23.83,16.96,26.2
2020-02-05,13.68,23.99,20.61,26.63
2020-02-06,11.78,24.0,17.86,26.85
2020-02-07,24.81,23.36,32.12,26.3
2020-02-08,22.37,22.86,25.87,26.15
2020-02-09,31.32,23.5,23.88,27.05
2020-02-10,28.89,23.46,29.18,26.48
2020-02-11,19.19,22.81,24.69,26.34
2020-02-12,22.71,22.43,32.63,25.94
2020-02-13,18.58,22.36,22.36,25.78
2020-02-14,20.95,22.51,17.77,26.2
2020-02-15,29.52,22.38,36.66,26.36
2020-02-16,55.16,22.37,46.46,25.99
2020-02-17,25.32,22.25,35.4,25.26
2020-02-18,24.71,22.24,35.0,25.34
2020-02-19,13.71,21.61,21.21,24.86
2020-02-20,9.52,20.82,18.25,24.56
2020-02-21,16.23,20.79,17.54,24.12
2020-02-22,15.09,21.1,17.1,24.05
2020-02-23,32.62,20.93,41.09,23.8
2020-02-24,28.58,20.76,20.65,23.8
2020-02-25,12.54,20.37,15.86,24.05
2020-02-26,6.86,20.22,8.52,23.96
2020-02-27,10.5,20.26,10.3,24.1
2020-02-28,15.61,20.25,24.17,24.03
2020-02-29,13.54,20.91,25.7,24.62
2020-03-01,25.5,20.99,28.37,24.72
2020-03-02,18.81,20.48,17.57,23.94
2020-03-03,34.57,19.21,38.73,23.1
2020-03-04,17.12,18.98,23.29,22.59
2020-03-05,4.89,18.87,7.98,22.31
2020-03-06,12.81,18.94,7.38,22.26
2020-03-07,,19.01,15.67,22.1
2020-03-08,19.65,18.86,24.65,22.55
2020-03-09,17.59,19.26,25.85,23.25
2020-03-10,19.84,18.82,31.62,22.88
2020-03-11,24.58,18.59,26.44,22.85
2020-03-12,20.4,19.18,28.92,23.36
2020-03-13,22.34,19.76,30.28,24.1
2020-03-14,37.81,20.19,40.12,24.55
2020-03-15,23.26,20.21,20.93,24.43
2020-03-16,14.75,20.59,13.11,25.1
2020-03-17,18.44,20.28,21.2,24.94
2020-03-18,18.52,20.23,20.33,24.86
2020-03-19,21.6,19.87,26.57,24.39
2020-03-20,15.83,20.16,19.61,24.45
2020-03-21,11.5,20.4,13.42,24.86
2020-03-22,11.95,20.54,30.95,25.14
2020-03-23,26.5,20.48,38.22,25.4
2020-03-24,19.95,20.47,29.94,25.49
2020-03-25,21.91,20.67,19.67,25.31
2020-03-26,29.66,20.81,31.26,24.92
2020-03-27,23.5,20.61,30.72,24.78
2020-03-28,23.2,20.79,23.92,24.57
2020-03-29,16.04,20.65,20.46,24.03
2020-03-30,24.51,19.8,45.74,23.51
2020-03-31,16.51,19.58,23.8,23.48
2020-04-01,17.31,19.61,14.92,23.47
2020-04-02,24.3,19.35,24.83,23.11
2020-04-03,25.51,19.37,24.93,23.15
2020-04-04,11.86,19.29,20.4,22.82
2020-04-05,16.98,19.4,15.77,22.47
2020-04-06,18.51,19.69,23.46,22.58
2020-04-07,19.38,20.95,27.3,23.14
2020-04-08,23.54,21.66,20.56,23.41
2020-04-09,24.22,21.87,19.91,23.14
2020-04-10,18.57,22.4,22.23,23.18
2020-04-11,25.82,22.76,22.68,23.22
2020-04-12,17.93,22.54,13.97,22.71
2020-04-13,12.56,22.37,24.38,22.45
2020-04-14,16.47,22.75,20.03,22.56
2020-04-15,15.77,22.43,12.78,21.45
2020-04-16,10.49,22.37,10.61,21.06
2020-04-17,19.06,22.07,21.56,21.0
2020-04-18,19.33,21.91,16.55,20.76
2020-04-19,19.26,21.71,9.09,20.56
2020-04-20,20.1,22.1,16.77,20.56
2020-04-21,49.75,22.7,47.65,21.0
2020-04-22,47.87,22.5,46.48,20.63
2020-04-23,26.24,22.4,21.79,20.19
2020-04-24,37.8,22.37,20.77,20.22
2020-04-25,40.45,22.41,32.6,19.89
2020-04-26,16.91,22.7,15.26,19.64
2020-04-27,17.91,22.22,16.36,19.15
2020-04-28,27.43,22.11,23.48,19.26
2020-04-29,14.95,22.25,12.52,19.01
2020-04-30,14.66,22.33,12.2,18.77
2020-05-01,8.43,23.04,13.06,19.47
2020-05-02,19.63,23.61,17.62,20.07
2020-05-03,19.32,23.55,19.04,19.79
2020-05-04,23.65,23.41,20.22,19.74
2020-05-05,34.98,23.44,29.17,20.1
2020-05-06,12.54,23.75,12.33,20.37
2020-05-07,16.46,23.5,13.99,19.84
2020-05-08,22.41,22.74,21.42,19.17
2020-05-09,25.65,22.69,10.06,19.1
2020-05-10,27.22,22.1,14.85,18.97
2020-05-11,11.3,21.47,7.86,18.51
2020-05-12,14.71,21.28,17.23,18.39
2020-05-13,16.78,21.24,17.04,18.3
2020-05-14,18.71,20.98,12.81,18.19
2020-05-15,37.27,20.84,33.87,18.09
2020-05-16,27.63,21.02,28.49,18.11
2020-05-17,17.12,21.25,13.11,18.15
2020-05-18,15.19,20.91,15.19,17.92
2020-05-19,20.24,20.6,19.68,17.59
2020-05-20,29.36,20.22,24.94,17.32
2020-05-21,42.07,19.46,31.91,16.75
2020-05-22,25.2,19.53,26.12,16.81
2020-05-23,24.83,19.42,19.78,16.7
2020-05-24,20.13,19.03,16.79,16.28
2020-05-25,21.35,18.63,18.96,16.34
2020-05-26,11.32,18.39,11.76,16.58
2020-05-27,16.78,18.49,13.63,16.76
2020-05-28,19.57,18.55,20.05,16.62
2020-05-29,10.77,18.54,9.53,16.47
2020-05-30,20.07,18.52,12.84,16.42
2020-05-31,15.11,17.82,14.18,15.67
2020-06-01,9.52,17.4,10.8,15.13
2020-06-02,10.2,17.1,9.06,15.02
2020-06-03,11.97,17.17,12.1,14.9
2020-06-04,12.19,17.06,12.22,14.77
2020-06-05,14.75,16.6,14.04,14.37
2020-06-06,13.25,15.62,10.67,13.78
2020-06-07,10.6,15.24,8.87,13.42
2020-06-08,13.56,14.84,11.8,13.35
2020-06-09,20.08,14.61,21.98,13.49
2020-06-10,14.26,14.31,13.21,13.55
2020-06-11,16.59,14.45,13.28,13.68
2020-06-12,16.64,14.33,12.53,13.67
2020-06-13,17.97,14.06,11.1,14.17
2020-06-14,16.24,14.24,11.47,14.36
2020-06-15,15.13,13.9,12.25,14.57
2020-06-16,8.17,13.82,9.71,15.08
2020-06-17,,14.11,11.78,15.75
2020-06-18,,,15.64,16.53
2020-06-19,,,13.1,17.07
2020-06-20,,,14.16,17.29
2020-06-21,,,15.39,17.33
2020-06-22,,,17.51,17.59
2020-06-23,,,21.19,18.12
2020-06-24,,,20.7,18.49
2020-06-25,,,15.53,18.5
2020-06-26,,,13.27,18.74
2020-06-27,,,35.03,18.76
2020-06-28,,,15.44,18.77
2020-06-29,,,18.98,18.9
2020-06-30,,,29.47,19.17
2020-07-01,,,31.13,19.57
2020-07-02,,,32.48,20.11
2020-07-03,25.61,22.46,28.03,20.65
2020-07-04,20.9,22.65,18.84,20.95
2020-07-05,18.97,22.84,15.32,21.39
2020-07-06,18.39,22.74,18.62,21.61
2020-07-07,23.81,22.51,24.68,21.78
2020-07-08,26.0,22.15,22.91,21.72
2020-07-09,26.32,21.58,22.19,21.36
2020-07-10,22.71,21.2,20.56,21.01
2020-07-11,14.44,20.76,13.73,20.87
2020-07-12,15.4,20.13,12.91,20.55
2020-07-13,18.46,19.82,15.06,19.73
2020-07-14,22.81,19.54,19.34,19.62
2020-07-15,28.04,19.23,24.51,19.43
2020-07-16,26.0,19.08,25.93,18.88
2020-07-17,29.09,19.16,27.73,18.63
2020-07-18,25.51,18.82,24.77,17.93
2020-07-19,25.86,18.37,26.27,17.35
2020-07-20,20.94,18.04,20.67,17.14
2020-07-21,18.46,17.82,20.46,17.06
2020-07-22,15.25,17.67,15.81,16.9
2020-07-23,10.27,17.32,10.54,16.56
2020-07-24,13.04,16.84,10.07,16.18
2020-07-25,11.28,16.26,11.23,15.71
2020-07-26,5.58,15.85,3.83,15.34
2020-07-27,12.44,15.62,10.43,15.15
2020-07-28,12.41,15.66,12.06,15.28
2020-07-29,11.06,15.77,13.24,15.48
2020-07-30,15.19,15.74,13.14,15.59
2020-07-31,21.27,15.45,23.44,15.4
2020-08-01,9.14,15.27,11.5,15.1
2020-08-02,11.89,14.81,10.82,14.66
2020-08-03,11.22,14.33,12.32,14.26
2020-08-04,12.42,13.86,13.09,13.78
2020-08-05,13.86,13.71,13.68,13.59
2020-08-06,13.31,13.77,14.52,13.51
2020-08-07,11.53,13.92,11.58,13.64
2020-08-08,9.01,14.06,8.18,13.75
2020-08-09,10.16,14.1,9.38,13.76
2020-08-10,7.58,14.1,8.11,13.77
2020-08-11,16.65,14.18,16.6,13.96
2020-08-12,21.75,14.2,21.24,14.0
2020-08-13,21.93,14.24,22.47,14.06
2020-08-14,19.52,14.6,18.85,14.24
2020-08-15,20.36,14.86,17.1,14.55
2020-08-16,15.33,14.81,14.3,14.41
2020-08-17,11.25,15.24,12.91,14.72
2020-08-18,11.58,15.6,11.9,14.95
2020-08-19,16.64,16.17,14.9,15.38
2020-08-20,20.26,16.7,18.13,15.83
2020-08-21,19.71,16.78,19.78,16.04
2020-08-22,14.44,16.69,13.85,15.88
2020-08-23,,16.58,10.16,15.84
2020-08-24,11.33,16.64,11.72,15.88
2020-08-25,7.89,16.9,9.37,16.07
2020-08-26,12.98,17.22,11.62,16.49
2020-08-27,13.73,16.82,13.76,16.35
2020-08-28,21.38,16.29,18.74,16.25
2020-08-29,22.81,16.29,22.6,16.24
2020-08-30,19.81,16.51,19.0,16.23
2020-08-31,21.75,16.18,21.06,15.98
2020-09-01,22.15,16.03,17.64,15.96
2020-09-02,27.7,16.23,25.16,16.02
2020-09-03,27.82,16.23,26.71,15.96
2020-09-04,16.24,16.07,19.93,15.92
2020-09-05,10.85,16.07,9.67,15.68
2020-09-06,8.26,16.35,10.23,15.54
2020-09-07,10.68,17.0,9.61,16.24
2020-09-08,17.83,17.45,14.84,17.03
2020-09-09,16.62,18.02,20.76,17.75
2020-09-10,5.03,18.68,12.37,18.66
2020-09-11,6.47,19.2,18.49,19.31
2020-09-12,22.05,19.96,22.17,20.38
2020-09-13,25.83,20.31,18.43,20.77
2020-09-14,10.73,20.17,9.58,20.76
2020-09-15,10.98,19.84,13.7,20.39
2020-09-16,17.03,19.88,14.64,20.31
2020-09-17,11.76,19.7,10.06,20.43
2020-09-18,12.03,19.26,13.83,20.06
2020-09-19,20.23,18.91,11.06,19.83
2020-09-20,27.78,19.0,,19.77
2020-09-21,33.17,19.17,34.14,20.0
2020-09-22,30.66,19.69,32.88,20.55
2020-09-23,28.23,20.26,32.63,21.35
2020-09-24,27.84,20.68,35.83,21.72
2020-09-25,28.53,21.19,30.48,22.14
2020-09-26,36.56,22.75,44.88,22.98
2020-09-27,31.79,24.04,30.1,23.29
2020-09-28,18.84,24.12,22.13,23.32
2020-09-29,9.77,24.27,8.24,23.54
2020-09-30,22.94,24.62,18.82,24.09
2020-10-01,16.87,25.22,21.16,24.5
2020-10-02,14.5,25.15,14.37,24.56
2020-10-03,17.35,25.6,19.97,25.19
2020-10-04,18.83,25.99,18.4,25.65
2020-10-05,15.8,25.97,16.35,26.08
2020-10-06,24.09,25.49,26.08,25.73
2020-10-07,27.6,24.75,32.68,25.04
2020-10-08,30.49,24.1,25.61,24.33
2020-10-09,32.08,23.81,32.89,24.02
2020-10-10,51.54,23.29,36.69,23.41
2020-10-11,45.41,23.14,27.6,23.59
2020-10-12,24.43,22.58,23.08,22.93
2020-10-13,30.15,22.18,24.89,22.68
2020-10-14,21.26,22.17,25.55,22.71
2020-10-15,29.04,22.55,25.39,23.1
2020-10-16,14.91,22.23,16.42,22.69
2020-10-17,25.26,22.51,28.5,23.42
2020-10-18,23.71,23.19,27.15,23.99
2020-10-19,19.7,23.13,23.53,23.73
2020-10-20,13.4,23.11,15.44,23.79
2020-10-21,10.91,23.09,13.53,24.11
2020-10-22,11.02,22.74,11.43,24.53
2020-10-23,19.68,22.25,23.4,24.16
2020-10-24,12.16,21.73,17.44,23.89
2020-10-25,24.09,21.21,35.97,23.47
2020-10-26,19.66,20.17,24.96,23.18
2020-10-27,20.02,19.21,22.63,23.29
2020-10-28,18.52,19.0,23.19,23.12
2020-10-29,21.13,18.73,19.96,23.11
2020-10-30,13.29,18.83,6.49,23.12
2020-10-31,25.33,18.87,43.15,23.27
2020-11-01,34.93,19.37,31.47,23.5
2020-11-02,15.38,18.96,11.96,23.03
2020-11-03,18.21,18.59,20.15,22.58
2020-11-04,15.35,18.46,25.98,22.38
2020-11-05,13.62,18.45,38.78,22.49
2020-11-06,12.92,18.63,21.49,22.95
2020-11-07,14.76,18.65,17.59,23.11
2020-11-08,16.66,18.33,20.16,22.68
2020-11-09,20.22,18.15,28.12,22.32
2020-11-10,16.5,17.91,30.89,21.96
2020-11-11,18.29,18.03,17.85,21.76
2020-11-12,21.86,18.28,24.73,22.14
2020-11-13,24.28,18.76,25.82,22.47
2020-11-14,30.29,18.5,29.87,22.56
2020-11-15,29.91,18.48,23.5,23.1
2020-11-16,13.09,18.14,14.22,22.16
2020-11-17,12.48,17.54,13.7,21.87
2020-11-18,15.97,17.77,17.56,22.29
2020-11-19,13.1,17.87,18.73,21.97
2020-11-20,16.3,17.87,27.26,21.51
2020-11-21,11.44,18.18,16.16,21.2
2020-11-22,10.15,18.69,10.54,21.63
2020-11-23,6.84,18.94,6.77,21.65
2020-11-24,16.73,19.65,25.04,22.2
2020-11-25,23.23,20.66,18.89,22.74
2020-11-26,27.71,21.25,34.12,23.09
2020-11-27,32.99,21.51,33.29,23.74
2020-11-28,13.12,21.8,22.54,24.29
2020-11-29,12.88,21.68,22.68,24.24
2020-11-30,15.15,21.31,15.02,24.01
2020-12-01,16.77,20.94,22.58,24.48
2020-12-02,22.42,21.12,24.8,24.46
2020-12-03,21.22,21.46,10.34,25.41
2020-12-04,15.13,21.87,12.18,26.41
2020-12-05,23.15,22.63,29.62,26.86
2020-12-06,28.22,22.75,34.48,26.83
2020-12-07,22.01,23.17,18.01,27.34
2020-12-08,38.18,23.58,36.58,28.33
2020-12-09,50.26,24.48,44.52,29.33
2020-12-10,34.31,24.77,41.45,29.37
2020-12-11,26.02,26.0,37.29,29.82
2020-12-12,30.72,26.41,41.14,29.89
2020-12-13,20.61,27.55,24.39,30.1
2020-12-14,19.17,28.17,22.87,30.38
2020-12-15,18.77,28.63,37.72,31.04
2020-12-16,18.46,28.92,13.66,32.39
2020-12-17,22.67,29.0,42.01,32.02
2020-12-18,28.41,28.95,47.54,32.32
2020-12-19,36.0,28.96,32.18,33.05
2020-12-20,19.66,29.73,26.43,34.09
2020-12-21,24.18,30.06,31.38,33.78
2020-12-22,22.41,30.09,40.51,33.41
2020-12-23,33.74,29.93,36.71,33.64
2020-12-24,25.69,29.22,26.15,32.99
2020-12-25,59.86,28.17,32.45,32.41
2020-12-26,40.19,27.43,36.09,31.73
2020-12-27,67.05,26.92,39.73,31.13
2020-12-28,31.85,26.32,30.85,30.53
2020-12-29,26.5,26.62,42.64,30.74
2020-12-30,24.12,27.6,55.29,31.61
2020-12-31,19.05,27.84,11.45,30.97
2021-01-01,20.94,27.79,33.82,31.16
2021-01-02,21.56,28.26,32.22,30.91
2021-01-03,38.15,28.14,43.59,30.8
2021-01-04,33.14,28.06,20.19,31.13
2021-01-05,29.1,28.22,23.36,31.63
2021-01-06,17.06,27.76,24.85,31.66
2021-01-07,17.03,28.28,17.24,32.94
2021-01-08,18.7,28.18,27.23,33.72
2021-01-09,12.15,28.44,20.86,34.11
2021-01-10,10.61,27.32,19.45,34.08
2021-01-11,12.9,26.81,23.09,33.81
2021-01-12,29.6,25.2,30.55,33.27
2021-01-13,48.5,24.7,49.16,32.79
2021-01-14,25.91,24.19,18.32,31.7
2021-01-15,16.84,23.91,19.49,30.59
2021-01-16,36.92,24.33,34.42,31.27
2021-01-17,24.64,24.28,44.27,30.8
2021-01-18,33.81,23.85,42.11,30.03
2021-01-19,24.3,23.1,41.53,29.3
2021-01-20,10.6,22.89,32.16,29.9
2021-01-21,38.03,22.67,78.91,30.03
2021-01-22,30.56,22.67,60.28,30.02
2021-01-23,33.5,22.89,37.61,30.58
2021-01-24,26.13,22.82,31.77,30.17
2021-01-25,25.05,22.98,27.92,30.49
2021-01-26,18.7,23.6,23.44,30.98
2021-01-27,16.75,24.46,16.65,31.48
2021-01-28,11.47,23.84,9.71,31.32
2021-01-29,15.5,22.47,22.21,30.62
2021-01-30,31.81,21.94,31.66,30.93
2021-01-31,19.33,21.67,19.76,30.92
2021-02-01,8.55,20.78,9.03,30.5
2021-02-02,15.86,20.71,21.95,29.84
2021-02-03,26.9,20.22,37.95,29.37
2021-02-04,22.3,19.96,27.48,28.92
2021-02-05,17.24,20.13,24.47,28.64
2021-02-06,23.56,19.72,33.87,27.19
2021-02-07,16.51,19.61,15.11,26.46
2021-02-08,16.9,19.14,30.26,25.99
2021-02-09,29.36,18.88,34.15,26.17
2021-02-10,38.53,18.83,38.14,26.4
2021-02-11,11.09,18.92,25.96,26.84
2021-02-12,7.43,19.13,27.91,27.39
2021-02-13,10.06,19.98,27.63,28.56
2021-02-14,8.59,20.56,19.2,29.43
2021-02-15,10.26,20.17,22.02,29.23
2021-02-16,22.68,19.8,24.41,28.97
2021-02-17,19.0,20.12,27.89,29.35
2021-02-18,16.52,20.33,28.06,29.59
2021-02-19,15.71,19.83,23.75,28.95
2021-02-20,25.69,19.65,35.6,28.67
2021-02-21,27.35,19.94,38.13,28.68
2021-02-22,19.34,19.84,23.52,28.22
2021-02-23,18.36,19.82,37.3,28.44
2021-02-24,23.66,19.92,34.9,28.49
2021-02-25,21.33,19.53,36.49,28.3
2021-02-26,22.87,19.03,33.15,28.02
2021-02-27,37.16,19.39,44.74,28.08
2021-02-28,32.9,19.93,48.33,28.04
2021-03-01,20.13,20.37,25.77,27.98
2021-03-02,8.31,20.94,12.05,28.25
2021-03-03,18.11,21.7,20.18,28.44
2021-03-04,21.96,21.98,29.37,28.47
2021-03-05,11.88,22.01,18.72,28.07
2021-03-06,17.04,21.89,18.95,27.57
2021-03-07,25.78,21.91,24.68,27.45
2021-03-08,20.54,21.81,20.29,27.37
2021-03-09,16.15,21.65,21.7,27.02
2021-03-10,19.7,21.92,31.64,27.21
2021-03-11,17.82,22.2,28.63,26.8
2021-03-12,23.58,22.14,29.62,27.18
2021-03-13,21.74,22.16,27.64,27.89
2021-03-14,23.55,21.8,26.83,27.55
2021-03-15,23.45,20.95,25.72,26.52
2021-03-16,25.5,20.74,27.42,26.08
2021-03-17,33.09,20.73,27.82,26.39
2021-03-18,31.31,20.98,25.19,26.61
2021-03-19,19.75,20.98,15.83,26.38
2021-03-20,12.9,20.83,13.23,25.95
2021-03-21,16.39,20.97,19.92,25.82
2021-03-22,22.52,20.83,33.26,25.62
2021-03-23,22.58,20.61,27.66,25.73
2021-03-24,27.54,20.69,29.36,25.98
2021-03-25,26.65,21.02,24.82,26.16
2021-03-26,21.85,21.29,46.26,26.14
2021-03-27,,21.77,57.99,26.15
2021-03-28,12.41,21.98,22.91,26.15
2021-03-29,12.5,22.29,13.82,26.32
2021-03-30,26.6,22.53,35.25,26.51
2021-03-31,20.05,23.09,34.95,26.79
2021-04-01,15.4,23.81,18.75,27.46
2021-04-02,18.15,24.08,13.12,27.92
2021-04-03,17.66,23.44,16.44,27.57
2021-04-04,16.05,23.25,14.87,27.52
2021-04-05,12.76,23.34,12.95,27.6
2021-04-06,19.62,23.61,27.96,27.88
2021-04-07,22.66,23.44,27.92,27.42
2021-04-08,25.69,23.17,27.01,27.01
2021-04-09,27.69,23.17,30.9,27.14
2021-04-10,31.6,23.19,29.1,27.21
2021-04-11,29.86,23.17,29.57,26.41
2021-04-12,30.75,23.6,32.77,25.68
2021-04-13,30.5,24.49,32.49,26.45
2021-04-14,39.5,25.96,34.28,27.67
2021-04-15,46.36,25.87,47.24,27.34
2021-04-16,40.9,25.5,41.67,26.54
2021-04-17,12.82,25.47,14.77,26.46
2021-04-18,14.29,25.53,14.35,26.73
2021-04-19,15.55,25.69,15.54,26.9
2021-04-20,24.24,26.0,28.54,27.28
2021-04-21,17.61,26.2,19.18,27.39
2021-04-22,14.52,26.37,15.44,27.24
2021-04-23,27.72,26.26,33.34,26.98
2021-04-24,27.26,26.14,27.01,26.99
2021-04-25,21.32,25.99,22.28,26.8
2021-04-26,36.04,26.17,35.93,27.04
2021-04-27,39.12,26.12,45.99,26.98
2021-04-28,56.62,25.36,50.38,26.56
2021-04-29,23.86,24.64,25.33,25.88
2021-04-30,8.9,23.85,10.94,25.27
2021-05-01,14.56,22.71,16.41,24.22
2021-05-02,19.96,21.78,21.34,23.42
2021-05-03,22.31,22.14,21.6,23.78
2021-05-04,25.35,22.67,26.18,24.39
2021-05-05,18.92,22.62,16.13,24.61
2021-05-06,24.61,22.33,23.68,24.44
2021-05-07,19.27,22.44,20.04,24.61
2021-05-08,22.15,22.57,27.34,24.78
2021-05-09,23.1,22.05,25.14,24.08
2021-05-10,37.24,21.53,36.37,23.7
2021-05-11,28.15,21.58,27.73,23.86
2021-05-12,7.96,20.99,20.02,23.48
2021-05-13,8.96,20.34,12.28,22.86
2021-05-14,15.76,19.26,16.05,22.25
2021-05-15,12.25,19.05,15.66,22.04
2021-05-16,12.83,19.27,17.55,22.26
2021-05-17,23.63,19.4,25.53,22.23
2021-05-18,30.24,19.15,32.82,22.09
2021-05-19,14.14,18.99,22.22,22.04
2021-05-20,15.45,18.79,23.36,22.02
2021-05-21,20.95,18.5,24.34,22.01
2021-05-22,18.38,18.42,20.51,22.32
2021-05-23,12.32,18.46,12.33,22.38
2021-05-24,11.67,18.64,15.6,22.5
2021-05-25,22.63,18.99,27.08,23.01
2021-05-26,18.39,18.55,24.54,22.82
2021-05-27,19.68,18.27,27.26,22.61
2021-05-28,24.18,18.68,32.13,22.74
2021-05-29,17.61,18.79,19.18,22.89
2021-05-30,15.55,18.58,17.34,22.69
2021-05-31,18.47,18.52,15.57,22.56
2021-06-01,12.42,18.51,17.06,22.49
2021-06-02,17.43,18.19,20.12,22.14
2021-06-03,19.38,17.67,25.69,21.42
2021-06-04,10.19,17.79,15.81,21.44
2021-06-05,22.25,18.25,33.02,21.59
2021-06-06,20.57,18.14,21.77,21.3
2021-06-07,27.4,18.43,30.86,21.49
2021-06-08,33.5,18.49,40.49,21.63
2021-06-09,24.3,18.61,30.7,21.98
2021-06-10,19.54,18.51,21.3,21.84
2021-06-11,20.46,18.76,23.99,21.97
2021-06-12,12.04,18.9,16.71,21.96
2021-06-13,9.43,18.63,10.27,21.59
2021-06-14,10.49,18.55,11.69,21.56
2021-06-15,12.6,18.47,15.34,21.51
2021-06-16,14.11,18.21,15.25,21.27
2021-06-17,14.44,17.99,11.14,21.01
2021-06-18,18.01,17.78,22.81,20.71
2021-06-19,29.05,17.63,27.7,20.39
2021-06-20,17.77,17.75,15.75,20.36
2021-06-21,27.07,17.87,26.08,20.14
2021-06-22,14.07,17.58,16.77,20.03
2021-06-23,15.42,16.98,26.09,19.61
2021-06-24,19.57,16.1,22.66,18.55
2021-06-25,25.91,15.62,28.42,18.12
2021-06-26,23.85,15.43,27.16,17.99
2021-06-27,15.89,15.43,20.93,17.52
2021-06-28,15.46,15.84,18.47,18.07
2021-06-29,13.05,16.18,15.68,18.61
2021-06-30,10.49,16.34,8.44,19.07
2021-07-01,6.0,16.51,9.29,19.42
2021-07-02,11.03,16.58,11.11,19.7
2021-07-03,15.09,16.9,16.07,20.36
2021-07-04,13.54,16.82,14.77,20.44
2021-07-05,26.03,16.21,26.5,20.12
2021-07-06,11.9,15.95,18.38,20.14
2021-07-07,9.28,15.48,18.38,20.0
2021-07-08,7.1,15.49,8.59,20.41
2021-07-09,9.78,15.75,17.96,20.56
2021-07-10,14.12,16.12,17.44,21.24
2021-07-11,20.18,16.25,9.62,21.5
2021-07-12,24.37,15.88,33.31,21.27
2021-07-13,19.83,15.81,26.38,21.25
2021-07-14,15.04,15.73,25.59,21.29
2021-07-15,17.79,15.66,26.0,21.35
2021-07-16,16.31,15.73,23.54,21.77
2021-07-17,23.94,16.07,31.06,22.3
2021-07-18,15.78,16.38,25.17,22.87
2021-07-19,10.59,16.4,18.02,23.17
2021-07-20,10.09,16.32,16.41,23.34
2021-07-21,13.03,15.99,21.8,23.45
2021-07-22,14.23,16.06,29.18,23.52
2021-07-23,23.14,16.23,30.37,23.91
2021-07-24,30.68,16.67,43.03,24.71
2021-07-25,29.94,16.85,36.24,24.84
2021-07-26,12.85,16.84,20.41,24.99
2021-07-27,13.63,16.68,20.14,25.36
2021-07-28,13.18,16.32,19.93,25.05
2021-07-29,10.95,16.1,17.43,24.96
2021-07-30,12.56,16.06,20.97,24.84
2021-07-31,16.24,15.89,25.34,24.65
2021-08-01,20.29,15.64,28.12,24.25
2021-08-02,15.61,15.08,24.96,23.54
2021-08-03,11.19,14.86,20.02,23.15
2021-08-04,16.13,14.92,29.8,23.25
2021-08-05,14.05,15.26,20.5,23.72
2021-08-06,14.22,15.25,30.06,23.58
2021-08-07,20.3,15.09,32.56,22.96
2021-08-08,15.31,14.69,21.72,22.28
2021-08-09,13.63,14.16,22.1,21.47
2021-08-10,15.55,13.68,20.6,20.96
2021-08-11,13.57,13.62,23.98,20.58
2021-08-12,13.28,13.75,23.87,20.64
2021-08-13,13.73,13.93,22.01,20.84
2021-08-14,12.83,14.51,20.02,21.61
2021-08-15,8.57,14.98,11.57,22.11
2021-08-16,7.09,15.26,10.0,22.35
2021-08-17,9.44,15.2,13.28,22.39
2021-08-18,12.17,15.48,20.96,22.77
2021-08-19,20.39,15.86,30.49,23.2
2021-08-20,12.83,16.07,17.71,23.33
2021-08-21,9.26,16.4,10.56,23.6
2021-08-22,11.34,16.63,10.06,23.42
2021-08-23,14.63,16.48,18.7,22.99
2021-08-24,15.55,16.5,,23.01
2021-08-25,11.18,16.52,9.49,22.94
2021-08-26,17.52,16.51,21.75,23.06
2021-08-27,18.35,16.65,25.77,23.4
2021-08-28,28.5,16.73,39.61,23.31
2021-08-29,26.58,16.51,35.56,23.06
2021-08-30,24.8,16.25,32.25,22.7
2021-08-31,18.51,16.29,29.5,22.78
2021-09-01,23.78,16.38,35.87,23.12
2021-09-02,22.81,16.43,32.59,23.29
2021-09-03,22.24,16.47,33.45,23.45
2021-09-04,24.06,16.41,28.46,23.03
2021-09-05,20.96,16.37,24.63,23.22
2021-09-06,15.89,16.57,20.24,23.69
2021-09-07,15.81,16.72,22.16,24.19
2021-09-08,14.28,16.54,20.14,23.98
2021-09-09,15.27,16.53,24.15,24.5
2021-09-10,17.76,16.57,33.85,25.33
2021-09-11,15.77,16.47,21.08,25.19
2021-09-12,7.26,16.19,14.71,24.89
2021-09-13,4.76,15.81,9.8,24.36
2021-09-14,9.96,15.63,13.92,24.08
2021-09-15,9.61,15.53,19.68,24.17
2021-09-16,11.21,15.34,18.27,23.88
2021-09-17,13.09,14.87,25.61,23.22
2021-09-18,18.8,14.59,18.32,22.92
2021-09-19,11.52,14.21,,22.28
2021-09-20,15.24,13.77,23.7,21.9
2021-09-21,15.95,13.44,,21.54
2021-09-22,9.28,13.44,13.03,21.49
2021-09-23,15.07,13.38,38.41,21.3
2021-09-24,12.45,13.41,32.63,21.63
2021-09-25,14.66,13.51,17.89,22.06
2021-09-26,9.94,13.51,17.3,21.95
2021-09-27,16.98,13.43,24.92,22.17
2021-09-28,21.19,13.9,27.74,22.65
2021-09-29,21.67,14.67,34.84,23.63
2021-09-30,12.8,15.24,21.36,24.53
2021-10-01,9.95,15.62,17.28,25.03
2021-10-02,14.22,15.56,24.28,25.02
2021-10-03,10.82,15.5,15.48,24.82
2021-10-04,10.91,15.32,17.71,25.09
2021-10-05,11.06,15.49,14.63,25.32
2021-10-06,15.83,15.84,18.95,25.93
2021-10-07,14.01,16.0,16.69,26.04
2021-10-08,15.1,16.01,29.41,26.13
2021-10-09,18.35,16.11,36.3,25.85
2021-10-10,17.81,16.36,30.58,25.67
2021-10-11,13.46,16.49,27.2,26.03
2021-10-12,21.41,16.92,28.26,26.56
2021-10-13,27.79,16.87,37.34,26.47
2021-10-14,27.1,16.53,39.14,26.04
2021-10-15,21.04,16.34,33.51,25.94
2021-10-16,9.45,16.98,17.95,26.54
2021-10-17,11.25,17.44,19.98,26.95
2021-10-18,13.26,17.49,25.88,27.04
2021-10-19,16.67,17.58,31.96,27.33
2021-10-20,25.61,17.7,41.3,27.62
2021-10-21,20.87,17.51,29.4,27.76
2021-10-22,9.43,17.46,15.56,28.13
2021-10-23,18.1,18.04,30.04,29.56
2021-10-24,20.02,18.65,27.17,30.84
2021-10-25,18.49,18.68,28.86,30.45
2021-10-26,22.93,18.75,32.99,30.76
2021-10-27,15.44,19.19,22.17,31.54
2021-10-28,10.93,19.38,15.1,31.75
2021-10-29,16.0,19.03,31.76,31.39
2021-10-30,32.0,18.8,39.27,31.18
2021-10-31,23.74,19.28,29.59,31.24
2021-11-01,15.84,20.11,27.04,31.76
2021-11-02,13.64,20.56,24.3,32.33
2021-11-03,14.44,21.04,26.33,33.24
2021-11-04,5.29,21.05,18.71,33.29
2021-11-05,14.4,20.61,30.06,32.61
2021-11-06,31.45,21.12,59.63,34.0
2021-11-07,33.36,21.67,67.88,35.17
2021-11-08,19.2,21.53,24.64,34.86
2021-11-09,19.82,21.57,39.7,35.44
2021-11-10,26.59,22.01,50.72,36.28
2021-11-11,27.09,21.86,34.5,36.45
2021-11-12,17.34,21.76,26.58,36.36
2021-11-13,20.17,22.47,32.93,38.01
2021-11-14,35.58,22.89,35.23,38.89
2021-11-15,34.25,22.39,33.49,38.55
2021-11-16,24.81,22.22,37.15,39.01
2021-11-17,27.54,22.55,53.22,39.87
2021-11-18,17.26,22.91,33.24,40.64
2021-11-19,12.27,23.25,21.1,41.13
2021-11-20,36.01,24.17,70.92,42.3
2021-11-21,26.17,24.74,50.73,43.31
2021-11-22,13.72,24.94,20.68,42.76
2021-11-23,21.35,24.43,44.73,41.49
2021-11-24,31.57,25.2,54.0,42.99
2021-11-25,18.64,26.47,37.96,44.21
2021-11-26,12.18,27.47,19.55,44.37
2021-11-27,32.47,27.49,64.54,43.96
2021-11-28,28.52,27.41,58.22,43.63
2021-11-29,16.94,27.87,29.09,44.35
2021-11-30,18.67,28.12,43.42,45.51
2021-12-01,25.67,27.99,52.95,46.84
2021-12-02,24.61,28.16,47.21,47.47
2021-12-03,24.56,28.34,41.13,47.86
2021-12-04,32.72,29.41,53.7,48.58
2021-12-05,31.7,29.39,60.58,48.56
2021-12-06,37.53,28.91,42.91,47.99
2021-12-07,17.86,29.34,29.75,48.24
2021-12-08,42.45,29.94,69.92,49.06
2021-12-09,57.75,30.43,76.08,49.25
2021-12-10,56.55,30.87,55.5,49.44
2021-12-11,27.97,33.28,22.33,50.07
2021-12-12,14.93,34.37,16.78,50.94
2021-12-13,33.9,34.51,54.5,50.51
2021-12-14,43.02,34.68,70.0,50.07
2021-12-15,30.24,35.4,73.25,50.38
2021-12-16,29.92,35.89,56.17,50.65
2021-12-17,32.96,36.82,64.96,50.52
2021-12-18,49.37,39.15,54.62,50.53
2021-12-19,11.77,39.09,20.76,49.65
2021-12-20,21.54,38.3,53.79,48.31
2021-12-21,39.02,38.07,58.25,48.06
2021-12-22,31.78,38.23,45.05,48.06
2021-12-23,35.98,38.9,50.42,48.34
2021-12-24,44.86,38.17,59.77,47.32
2021-12-25,91.09,37.69,56.95,48.05
2021-12-26,44.73,37.7,45.7,48.12
2021-12-27,36.84,37.01,51.5,47.87
2021-12-28,33.53,36.86,44.92,47.89
2021-12-29,38.4,36.69,38.67,48.65
2021-12-30,33.38,36.55,51.42,48.52
2021-12-31,53.65,37.45,49.14,48.48
2022-01-01,94.44,37.77,47.36,47.81
2022-01-02,22.7,37.59,14.79,47.06
2022-01-03,9.21,37.14,13.54,46.59
2022-01-04,24.73,37.43,53.08,48.34
2022-01-05,42.49,37.34,42.96,47.82
2022-01-06,37.71,36.44,38.04,46.6
2022-01-07,20.77,35.98,39.33,46.77
2022-01-08,43.34,35.65,97.95,46.68
2022-01-09,56.84,34.6,57.52,45.55
2022-01-10,7.29,32.68,14.83,47.22
2022-01-11,10.42,32.14,17.4,46.65
2022-01-12,28.54,31.38,77.29,45.6
2022-01-13,39.01,30.88,66.09,44.83
2022-01-14,57.19,29.99,72.12,44.24
2022-01-15,39.37,29.48,35.96,43.17
2022-01-16,27.85,28.75,42.62,42.56
2022-01-17,35.72,26.2,40.58,41.99
2022-01-18,20.43,26.26,73.04,42.57
2022-01-19,18.79,26.93,38.43,43.55
2022-01-20,12.13,26.42,21.36,42.46
2022-01-21,18.07,25.29,50.2,41.51
2022-01-22,25.84,24.48,47.89,40.77
2022-01-23,13.49,24.6,25.72,40.6
2022-01-24,33.36,23.86,107.05,38.76
2022-01-25,28.71,22.75,28.58,37.75
2022-01-26,13.9,23.17,20.0,38.39
2022-01-27,18.54,23.51,21.79,38.92
2022-01-28,11.68,23.33,21.14,37.52
2022-01-29,18.27,22.84,19.27,36.52
2022-01-30,31.75,21.23,30.9,34.58
2022-01-31,17.89,20.43,30.33,34.35
2022-02-01,24.6,20.14,32.11,33.96
2022-02-02,29.23,19.92,42.93,34.14
2022-02-03,9.36,20.31,20.45,32.76
2022-02-04,8.72,20.04,14.29,31.93
2022-02-05,13.31,20.3,15.77,31.63
2022-02-06,24.29,20.43,34.43,30.83
2022-02-07,21.19,20.34,42.7,30.16
2022-02-08,23.51,20.63,27.26,30.41
2022-02-09,19.97,20.42,34.0,27.96
2022-02-10,20.64,20.18,33.16,28.31
2022-02-11,23.08,20.38,35.55,28.57
2022-02-12,24.43,20.92,35.91,29.58
2022-02-13,8.67,21.11,13.91,29.88
2022-02-14,15.61,21.08,29.26,29.95
2022-02-15,18.92,20.69,30.76,29.71
2022-02-16,29.12,20.76,45.98,29.69
2022-02-17,32.18,20.57,31.75,29.73
2022-02-18,10.67,20.13,13.39,29.03
2022-02-19,20.11,20.62,12.5,29.52
2022-02-20,21.99,21.21,26.01,30.47
2022-02-21,23.03,21.47,27.88,30.74
2022-02-22,22.15,21.07,33.12,30.37
2022-02-23,27.04,20.84,33.62,29.57
2022-02-24,21.45,20.66,39.18,29.76
2022-02-25,20.01,20.74,27.84,29.65
2022-02-26,34.89,20.4,52.05,28.9
2022-02-27,17.3,20.17,30.08,28.23
2022-02-28,17.27,20.05,21.51,28.03
2022-03-01,19.98,20.41,23.46,28.24
2022-03-02,20.05,20.59,29.73,28.2
2022-03-03,19.07,20.68,33.33,28.1
2022-03-04,15.8,20.84,21.89,27.54
2022-03-05,24.09,20.34,35.23,26.87
2022-03-06,26.55,20.46,42.87,26.88
2022-03-07,20.93,20.47,23.79,27.22
2022-03-08,12.26,20.36,23.22,26.89
2022-03-09,14.53,20.42,18.81,26.63
2022-03-10,18.01,20.15,32.87,26.04
2022-03-11,22.31,20.4,30.91,25.7
2022-03-12,10.64,20.69,10.72,25.92
2022-03-13,15.97,20.99,15.39,26.31
2022-03-14,20.89,20.62,29.85,25.69
2022-03-15,19.48,21.37,20.18,26.15
2022-03-16,21.06,22.23,28.16,26.66
2022-03-17,21.45,22.37,27.73,26.59
2022-03-18,34.07,22.59,29.08,26.37
2022-03-19,17.04,22.87,11.57,26.26
2022-03-20,14.23,23.24,13.81,26.33
2022-03-21,20.47,23.39,22.67,26.04
2022-03-22,18.73,23.91,16.26,25.53
2022-03-23,24.83,24.21,19.95,25.42
2022-03-24,14.1,24.26,15.29,25.13
2022-03-25,34.43,24.62,23.6,25.23
2022-03-26,30.36,25.09,45.7,25.55
2022-03-27,28.83,25.31,39.69,25.28
2022-03-28,23.95,25.55,33.28,25.5
2022-03-29,39.78,26.03,44.05,25.81
2022-03-30,43.09,25.88,36.62,25.39
2022-03-31,24.12,26.14,21.36,25.45
2022-04-01,26.75,26.59,23.34,25.4
2022-04-02,27.28,27.2,29.75,25.56
2022-04-03,27.09,27.02,24.26,25.52
2022-04-04,28.47,27.28,26.46,25.79
2022-04-05,42.09,27.35,27.53,25.78
2022-04-06,29.95,27.44,20.37,25.79
2022-04-07,13.89,27.71,14.52,26.13
2022-04-08,25.23,27.95,22.02,26.29
2022-04-09,32.03,28.23,42.31,26.52
2022-04-10,28.91,27.79,22.75,26.44
2022-04-11,17.91,27.79,17.33,25.71
2022-04-12,30.3,27.11,24.8,24.75
2022-04-13,16.64,26.68,17.14,23.9
2022-04-14,27.22,25.79,22.07,22.88
2022-04-15,34.5,25.1,26.64,22.32
2022-04-16,39.87,25.24,32.62,22.49
2022-04-17,28.42,25.25,27.71,22.37
2022-04-18,24.88,25.28,19.71,22.28
2022-04-19,16.28,25.36,13.61,22.32
2022-04-20,23.18,25.63,23.02,22.47
2022-04-21,26.84,25.39,26.39,22.65
2022-04-22,32.17,25.79,24.73,22.95
2022-04-23,22.5,26.52,22.29,23.47
2022-04-24,21.25,27.24,21.12,24.01
2022-04-25,30.28,27.76,23.88,23.93
2022-04-26,8.47,27.9,10.73,24.18
2022-04-27,10.86,27.97,8.01,24.16
2022-04-28,13.29,27.56,13.31,23.92
2022-04-29,22.42,27.69,19.95,24.09
2022-04-30,28.12,27.5,26.41,24.1
2022-05-01,27.0,26.88,19.72,23.72
2022-05-02,28.28,26.4,26.88,23.4
2022-05-03,29.61,26.34,25.54,23.32
2022-05-04,36.36,26.64,30.88,23.62
2022-05-05,35.17,27.32,32.95,24.28
2022-05-06,41.92,28.11,29.38,24.62
2022-05-07,35.55,28.81,30.2,25.15
2022-05-08,47.02,28.78,38.1,25.2
2022-05-09,47.52,28.62,40.03,24.91
2022-05-10,33.08,28.24,30.28,24.77
2022-05-11,20.13,27.62,16.74,24.64
2022-05-12,17.9,27.79,17.64,24.64
2022-05-13,20.56,28.63,22.18,25.25
2022-05-14,21.69,29.2,22.44,25.66
2022-05-15,15.86,29.28,15.29,25.68
2022-05-16,25.52,29.12,22.73,25.5
2022-05-17,26.45,29.11,25.43,25.57
2022-05-18,33.82,28.6,28.73,25.07
2022-05-19,36.77,28.06,33.38,24.64
2022-05-20,47.01,27.27,33.15,23.89
2022-05-21,47.84,26.52,42.36,23.31
2022-05-22,31.21,25.61,26.35,22.68
2022-05-23,17.65,25.04,13.44,22.4
2022-05-24,9.73,24.63,17.0,22.16
2022-05-25,11.81,24.23,19.98,21.86
2022-05-26,13.48,23.83,10.86,21.45
2022-05-27,36.04,23.82,26.05,21.55
2022-05-28,30.63,23.96,,21.61
2022-05-29,24.65,24.27,20.46,21.77
2022-05-30,23.23,24.49,21.24,21.9
2022-05-31,26.75,24.72,21.69,22.11
2022-06-01,13.12,24.45,12.59,21.79
2022-06-02,13.26,24.81,12.93,22.05
2022-06-03,12.86,24.68,9.33,22.05
2022-06-04,12.52,24.07,15.91,21.41
2022-06-05,14.53,22.94,11.19,20.6
2022-06-06,18.63,21.72,22.24,19.45
2022-06-07,34.55,21.12,31.13,18.9
2022-06-08,35.59,21.0,31.12,18.85
2022-06-09,21.21,21.3,18.36,18.87
2022-06-10,19.84,21.62,19.76,18.86
2022-06-11,22.07,21.72,19.42,18.99
2022-06-12,29.83,21.01,26.69,18.53
2022-06-13,28.11,20.46,26.17,18.35
2022-06-14,22.95,20.16,21.58,18.12
2022-06-15,17.37,19.86,13.29,17.83
2022-06-16,37.24,19.61,33.16,17.61
2022-06-17,29.92,19.78,28.73,17.76
2022-06-18,18.31,20.18,14.84,18.07
2022-06-19,13.3,20.32,9.55,18.31
2022-06-20,11.33,20.44,9.07,18.29
2022-06-21,13.09,20.59,10.49,18.52
2022-06-22,14.1,20.7,11.86,18.45
2022-06-23,18.78,20.1,17.58,18.04
2022-06-24,21.29,19.52,19.82,17.59
2022-06-25,16.57,19.49,14.46,17.51
2022-06-26,14.6,19.31,12.8,17.21
2022-06-27,14.31,19.09,13.09,17.01
2022-06-28,15.67,18.74,13.42,16.67
2022-06-29,14.22,18.52,12.75,16.4
2022-06-30,18.98,18.38,14.91,16.2
2022-07-01,18.44,18.25,17.27,16.24
2022-07-02,25.15,17.89,22.09,15.84
2022-07-03,17.0,17.91,16.44,15.76
2022-07-04,16.14,18.15,15.54,16.08
2022-07-05,19.16,18.46,18.09,16.43
2022-07-06,21.93,19.07,20.04,17.07
2022-07-07,16.59,19.61,18.73,17.58
2022-07-08,18.13,19.85,,17.87
2022-07-09,20.21,19.81,16.08,17.78
2022-07-10,14.45,19.6,11.12,17.57
2022-07-11,15.58,19.44,13.73,17.49
2022-07-12,19.42,19.39,16.64,17.47
2022-07-13,21.52,19.34,18.36,17.4
2022-07-14,18.71,19.34,15.95,17.36
2022-07-15,13.48,19.24,14.28,17.25
2022-07-16,26.21,19.19,21.67,17.28
2022-07-17,30.71,19.01,26.35,17.14
2022-07-18,25.36,18.57,24.26,16.71
2022-07-19,22.83,18.41,19.55,16.52
2022-07-20,29.37,18.47,27.67,16.55
2022-07-21,29.48,18.64,25.4,16.65
2022-07-22,21.25,18.89,20.12,16.93
2022-07-23,17.48,19.19,15.09,17.11
2022-07-24,14.93,19.15,13.53,17.04
2022-07-25,12.06,18.97,12.32,17.01
2022-07-26,13.08,18.96,12.03,17.01
2022-07-27,12.75,18.91,11.21,16.98
2022-07-28,15.57,18.68,12.26,16.79
2022-07-29,11.36,18.35,9.6,16.53
2022-07-30,17.39,18.26,15.79,16.49
2022-07-31,12.93,18.36,13.09,16.49
2022-08-01,11.9,18.13,9.58,16.5
2022-08-02,12.3,17.78,10.98,16.18
2022-08-03,17.92,17.56,16.4,15.95
2022-08-04,24.22,17.34,20.94,15.83
2022-08-05,29.44,17.06,28.25,15.52
2022-08-06,25.79,16.53,24.06,15.19
2022-08-07,16.67,16.27,14.77,14.89
2022-08-08,14.9,16.38,15.28,15.03
2022-08-09,14.34,16.35,11.13,15.08
2022-08-10,14.02,16.45,12.85,15.1
2022-08-11,12.34,16.55,10.85,15.19
2022-08-12,11.84,16.6,10.57,15.28
2022-08-13,15.94,16.65,14.72,15.37
2022-08-14,16.37,16.65,14.34,15.38
2022-08-15,19.49,16.64,22.15,15.33
2022-08-16,20.1,16.9,16.73,15.56
2022-08-17,18.66,16.92,17.35,15.56
2022-08-18,16.44,16.85,15.8,15.59
2022-08-19,20.98,16.59,18.35,15.39
2022-08-20,13.37,16.15,15.49,14.99
2022-08-21,13.65,15.56,11.17,14.33
2022-08-22,20.55,15.03,19.19,13.76
2022-08-23,14.1,14.79,15.09,13.87
2022-08-24,15.1,14.69,12.95,13.9
2022-08-25,16.16,14.75,14.66,14.03
2022-08-26,14.02,14.92,13.94,14.34
2022-08-27,17.19,15.14,15.19,14.55
2022-08-28,11.5,15.21,9.78,14.61
2022-08-29,17.1,15.24,14.33,14.6
2022-08-30,20.64,15.22,19.77,14.62
2022-08-31,12.58,15.06,9.59,14.32
2022-09-01,10.03,14.84,12.08,14.05
2022-09-02,10.33,14.62,10.34,13.88
2022-09-03,10.82,14.44,9.02,13.71
2022-09-04,11.84,14.06,8.34,13.46
2022-09-05,9.9,13.93,7.09,13.32
2022-09-06,9.36,13.95,17.88,13.37
2022-09-07,11.79,13.73,16.2,13.12
2022-09-08,16.16,13.8,15.08,13.08
2022-09-09,19.21,13.98,22.1,13.23
2022-09-10,19.02,14.27,17.19,13.44
2022-09-11,13.97,14.31,12.29,13.57
2022-09-12,16.69,14.18,14.65,13.57
2022-09-13,15.96,14.44,14.86,13.95
2022-09-14,14.74,14.41,12.95,13.98
2022-09-15,13.39,14.24,8.75,13.71
2022-09-16,11.92,14.76,12.26,14.08
2022-09-17,11.14,15.36,10.6,14.09
2022-09-18,9.5,15.61,10.91,14.35
2022-09-19,9.64,15.73,11.24,14.48
2022-09-20,14.04,15.84,12.82,14.67
2022-09-21,14.0,16.07,11.56,14.9
2022-09-22,16.25,16.4,14.09,14.77
2022-09-23,20.58,16.59,17.31,14.86
2022-09-24,24.7,16.74,21.06,14.86
2022-09-25,15.38,17.02,17.8,14.74
2022-09-26,13.35,17.24,15.08,14.94
2022-09-27,19.24,17.48,21.12,15.27
2022-09-28,16.29,18.02,15.39,15.85
2022-09-29,15.33,18.56,11.62,16.15
2022-09-30,28.3,18.67,20.68,16.69
2022-10-01,28.0,18.81,12.4,17.05
2022-10-02,17.87,19.0,18.07,17.29
2022-10-03,14.26,19.09,12.98,17.5
2022-10-04,15.35,19.2,13.97,17.72
2022-10-05,16.67,19.36,14.0,17.83
2022-10-06,19.21,19.81,13.94,18.61
2022-10-07,17.61,20.38,19.18,19.53
2022-10-08,20.75,21.04,14.91,20.43
2022-10-09,27.54,21.35,18.64,21.08
2022-10-10,25.5,21.54,23.17,21.72
2022-10-11,21.1,21.42,22.03,21.68
2022-10-12,33.0,21.46,32.2,22.03
2022-10-13,32.17,21.49,23.75,22.41
2022-10-14,17.92,21.66,29.04,22.92
2022-10-15,17.82,21.89,19.78,23.45
2022-10-16,17.57,21.81,19.43,23.47
2022-10-17,13.65,21.55,16.87,23.99
2022-10-18,12.83,21.16,17.52,23.93
2022-10-19,14.46,21.21,14.4,24.05
2022-10-20,27.54,21.31,36.45,24.37
2022-10-21,31.04,21.69,38.9,25.27
2022-10-22,36.13,21.43,41.31,25.21
2022-10-23,29.88,22.2,36.62,25.69
2022-10-24,30.43,22.32,40.34,26.29
2022-10-25,11.87,21.69,16.53,25.96
2022-10-26,14.59,21.18,25.73,25.65
2022-10-27,20.0,21.13,32.56,25.61
2022-10-28,21.46,20.83,30.59,25.62
2022-10-29,22.17,20.0,27.59,25.1
2022-10-30,25.91,19.69,21.1,24.35
2022-10-31,20.17,19.71,28.21,24.5
2022-11-01,6.19,19.49,16.24,24.18
2022-11-02,15.79,19.38,16.58,24.19
2022-11-03,18.43,19.54,23.49,24.43
2022-11-04,27.96,19.47,40.98,24.46
2022-11-05,11.46,18.73,12.06,23.64
2022-11-06,40.62,17.86,33.58,22.58
2022-11-07,24.35,16.92,32.97,22.17
2022-11-08,8.82,16.36,8.84,21.89
2022-11-09,10.22,15.93,13.73,21.91
2022-11-10,19.46,16.66,20.95,23.38
2022-11-11,24.0,16.49,32.48,22.98
2022-11-12,7.13,16.67,8.2,22.65
2022-11-13,8.71,17.75,6.55,22.8
2022-11-14,18.38,18.25,24.15,22.84
2022-11-15,10.96,18.44,9.96,23.48
2022-11-16,10.48,18.82,16.95,23.36
2022-11-17,17.5,19.41,24.83,24.25
2022-11-18,12.33,20.26,15.19,26.1
2022-11-19,5.37,20.72,11.87,27.39
2022-11-20,5.05,20.26,7.15,26.41
2022-11-21,7.95,20.71,29.03,27.2
2022-11-22,13.0,20.86,28.35,27.61
2022-11-23,17.71,21.03,40.83,27.53
2022-11-24,33.79,22.09,60.61,28.97
2022-11-25,9.36,23.38,13.84,30.46
2022-11-26,25.27,23.98,22.59,31.73
2022-11-27,54.0,24.41,35.21,31.95
2022-11-28,37.12,25.36,28.53,33.21
2022-11-29,31.62,26.76,40.6,34.46
2022-11-30,31.57,26.57,24.48,34.48
2022-12-01,23.95,26.89,42.9,35.19
2022-12-02,41.29,27.14,72.21,35.76
2022-12-03,32.25,26.87,62.15,35.35
2022-12-04,14.04,26.95,11.44,35.36
2022-12-05,25.04,27.42,35.81,36.31
2022-12-06,45.04,28.42,46.01,37.08
2022-12-07,29.54,28.63,30.41,36.98
2022-12-08,40.57,29.54,52.23,37.76
2022-12-09,49.04,29.37,58.21,37.03
2022-12-10,37.45,28.87,59.03,35.72
2022-12-11,36.7,30.07,39.24,37.05
2022-12-12,35.58,31.02,45.88,38.0
2022-12-13,50.7,29.92,44.12,37.74
2022-12-14,12.88,30.06,24.74,38.07
2022-12-15,20.54,29.92,31.29,37.48
2022-12-16,17.96,29.71,34.12,37.82
2022-12-17,9.25,30.55,12.35,37.76
2022-12-18,14.88,32.45,15.61,36.46
2022-12-19,19.38,32.4,40.27,35.23
2022-12-20,35.17,32.6,30.38,35.39
2022-12-21,14.29,32.7,26.09,35.05
2022-12-22,40.21,32.0,51.78,34.63
2022-12-23,12.54,32.0,18.74,35.13
2022-12-24,18.83,31.61,21.42,34.61
2022-12-25,45.48,30.58,53.67,33.55
2022-12-26,53.59,29.91,51.21,32.34
2022-12-27,21.13,30.07,27.43,32.4
2022-12-28,41.17,30.28,38.39,32.02
2022-12-29,27.7,29.48,22.92,31.07
2022-12-30,25.04,29.37,34.62,30.6
2022-12-31,49.36,29.45,41.14,30.6
2023-01-01,98.09,29.78,33.0,30.89
2023-01-02,30.96,30.26,25.38,31.41
2023-01-03,20.04,30.98,16.35,32.05
2023-01-04,27.79,31.34,25.54,31.89
2023-01-05,24.08,30.6,33.29,31.45
2023-01-06,29.61,30.73,45.46,31.43
2023-01-07,28.78,30.21,36.79,30.89
2023-01-08,18.25,30.23,26.21,30.79
2023-01-09,17.27,30.02,22.87,30.8
2023-01-10,41.71,29.08,41.04,30.05
2023-01-11,41.83,27.65,34.5,28.85
2023-01-12,26.59,27.37,15.52,28.36
2023-01-13,9.52,26.77,10.67,28.25
2023-01-14,22.96,28.8,31.38,30.33
2023-01-15,27.88,30.16,42.61,31.08
2023-01-16,23.61,29.18,28.17,30.54
2023-01-17,36.42,26.13,34.58,30.12
2023-01-18,30.22,25.52,35.64,30.54
2023-01-19,13.17,25.41,17.0,31.5
2023-01-20,18.17,25.08,25.54,31.52
2023-01-21,24.52,25.16,35.67,31.34
2023-01-22,13.04,25.28,15.65,31.02
2023-01-23,12.75,25.15,21.74,30.93
2023-01-24,17.0,25.27,31.27,31.33
2023-01-25,10.77,25.08,15.09,31.17
2023-01-26,12.87,24.27,12.68,30.57
2023-01-27,23.17,23.3,35.21,29.89
2023-01-28,88.57,22.8,85.36,29.95
2023-01-29,65.92,22.97,57.05,30.17
2023-01-30,19.75,22.78,24.92,30.16
2023-01-31,6.83,22.5,20.42,29.69
2023-02-01,12.41,22.75,38.06,29.73
2023-02-02,16.86,22.44,44.96,29.46
2023-02-03,17.79,21.66,26.21,28.55
2023-02-04,26.67,21.68,28.0,28.4
2023-02-05,33.04,22.18,35.91,28.75
2023-02-06,24.91,21.9,33.87,28.71
2023-02-07,21.88,22.37,38.25,29.62
2023-02-08,11.48,22.71,18.0,29.9
2023-02-09,17.58,22.9,23.04,29.44
2023-02-10,12.56,23.36,14.29,30.03
2023-02-11,11.67,23.62,17.26,30.51
2023-02-12,14.79,23.66,17.42,30.24
2023-02-13,17.05,21.5,30.96,28.33
2023-02-14,19.64,20.31,28.38,27.55
2023-02-15,31.01,20.76,29.62,27.82
2023-02-16,27.08,21.4,26.43,27.82
2023-02-17,6.8,21.84,8.17,27.49
2023-02-18,13.86,21.98,12.67,26.94
2023-02-19,32.98,21.95,35.82,26.78
2023-02-20,16.21,21.83,34.67,26.91
2023-02-21,27.23,21.77,42.75,27.02
2023-02-22,22.79,21.87,30.25,27.0
2023-02-23,22.79,22.06,17.39,26.91
2023-02-24,24.58,22.4,32.88,27.22
2023-02-25,20.73,23.01,27.21,27.79
2023-02-26,24.21,23.72,26.92,28.19
2023-02-27,23.79,23.9,28.25,28.15
2023-02-28,30.33,23.64,33.5,28.04
2023-03-01,33.13,23.42,33.0,27.44
2023-03-02,26.1,23.4,20.57,27.32
2023-03-03,25.67,22.84,28.12,27.06
2023-03-04,21.0,22.23,28.29,27.08
2023-03-05,16.83,22.4,21.67,27.23
2023-03-06,23.09,22.53,31.75,27.86
2023-03-07,31.17,22.28,39.22,28.1
2023-03-08,28.0,22.48,33.25,28.25
2023-03-09,27.58,22.33,35.43,27.9
2023-03-10,21.73,22.23,27.43,27.9
2023-03-11,35.78,22.05,40.08,27.87
2023-03-12,34.09,22.14,26.38,27.58
2023-03-13,16.86,22.3,15.96,27.65
2023-03-14,7.0,22.07,14.29,27.47
2023-03-15,10.5,21.86,12.74,27.44
2023-03-16,19.17,21.93,25.0,27.72
2023-03-17,14.14,22.21,21.58,28.24
2023-03-18,8.71,22.21,,28.5
2023-03-19,12.09,22.25,12.54,28.45
2023-03-20,17.58,22.51,30.92,28.54
2023-03-21,25.5,23.3,42.86,29.22
2023-03-22,22.18,23.62,38.92,29.36
2023-03-23,22.75,22.99,32.67,28.75
2023-03-24,19.71,22.31,30.17,28.29
2023-03-25,17.41,21.86,16.7,28.04
2023-03-26,27.46,21.44,24.46,27.56
2023-03-27,25.5,20.43,29.21,26.41
2023-03-28,17.3,19.74,21.6,26.1
2023-03-29,17.5,19.69,27.39,26.13
2023-03-30,32.38,19.92,41.68,26.31
2023-03-31,41.62,20.38,47.96,26.78
2023-04-01,25.91,20.3,28.14,26.34
2023-04-02,26.91,20.49,26.83,26.06
2023-04-03,28.88,20.76,30.86,25.85
2023-04-04,40.61,21.01,41.26,26.2
2023-04-05,32.58,21.06,35.96,25.9
2023-04-06,12.21,21.0,21.53,25.34
2023-04-07,7.61,21.08,19.82,24.82
2023-04-08,14.17,20.97,28.26,24.5
2023-04-09,9.09,20.86,13.4,24.16
2023-04-10,5.37,20.73,6.77,24.09
2023-04-11,13.65,20.4,17.28,23.92
2023-04-12,15.21,20.17,16.86,23.78
2023-04-13,13.92,20.16,19.54,24.17
2023-04-14,24.3,20.21,26.57,23.86
2023-04-15,16.87,19.47,12.21,23.24
2023-04-16,19.75,18.65,13.46,22.21
2023-04-17,16.77,18.2,19.6,21.72
2023-04-18,19.5,17.9,22.96,21.64
2023-04-19,19.04,17.51,22.07,21.31
2023-04-20,23.75,16.65,26.2,20.97
2023-04-21,24.81,16.04,23.1,20.72
2023-04-22,19.39,16.19,23.07,21.23
2023-04-23,16.27,16.55,20.13,21.89
2023-04-24,13.46,16.65,14.59,21.86
2023-04-25,17.57,17.0,19.18,22.31
2023-04-26,18.75,17.55,25.17,22.81
2023-04-27,16.83,17.74,33.15,23.23
2023-04-28,19.25,17.88,18.06,23.87
2023-04-29,10.1,18.1,,23.85
2023-04-30,17.0,17.73,18.12,23.44
2023-05-01,12.33,17.79,13.88,23.46
2023-05-02,,17.24,24.42,23.54
2023-05-03,,17.2,21.3,23.61
2023-05-04,,16.91,31.39,23.53
2023-05-05,,16.96,28.89,23.54
2023-05-06,,16.38,36.3,23.35
2023-05-07,,15.81,38.96,23.22
2023-05-08,,15.59,27.3,23.12
2023-05-09,,15.47,26.4,22.94
2023-05-10,,15.45,21.26,23.02
2023-05-11,,15.09,29.59,22.81
2023-05-12,,14.6,35.39,22.34
2023-05-13,,14.64,18.82,21.77
2023-05-14,,13.95,14.68,21.49
2023-05-15,,14.0,13.01,21.19
2023-05-16,11.08,13.76,15.71,21.17
2023-05-17,16.04,13.85,21.49,21.22
2023-05-18,14.83,13.74,20.76,20.82
2023-05-19,19.83,13.67,22.31,20.56
2023-05-20,14.58,13.59,20.84,19.91
2023-05-21,15.62,13.47,19.33,19.39
2023-05-22,15.9,13.39,19.91,18.77
2023-05-23,14.4,13.34,15.11,18.12
2023-05-24,13.04,13.39,16.93,17.77
2023-05-25,11.79,13.53,13.15,17.62
2023-05-26,10.87,13.78,11.4,17.72
2023-05-27,17.58,14.15,16.55,17.65
2023-05-28,8.25,14.56,10.09,17.42
2023-05-29,10.75,14.95,12.29,17.77
2023-05-30,13.29,15.46,17.72,18.33
2023-05-31,13.78,16.03,15.24,19.09
2023-06-01,11.95,16.9,12.49,19.88
2023-06-02,12.42,17.59,13.64,20.63
2023-06-03,12.09,18.22,11.78,21.37
2023-06-04,11.25,18.7,13.16,21.82
2023-06-05,11.79,18.97,17.85,22.55
2023-06-06,12.33,19.47,19.32,23.14
2023-06-07,14.42,19.93,16.88,24.18
2023-06-08,16.91,20.36,22.07,24.78
2023-06-09,19.61,20.7,24.22,25.31
2023-06-10,23.42,20.78,27.36,25.49
2023-06-11,25.27,20.66,28.64,25.5
2023-06-12,25.43,20.37,29.18,25.34
2023-06-13,29.79,20.54,31.49,25.57
2023-06-14,32.67,20.62,35.87,25.71
2023-06-15,37.17,20.5,39.34,25.54
2023-06-16,36.5,20.28,43.87,25.34
2023-06-17,33.77,20.57,43.11,25.4
2023-06-18,34.47,20.86,35.72,25.53
2023-06-19,22.52,21.07,42.65,25.74
2023-06-20,30.69,21.21,37.18,25.9
2023-06-21,29.75,21.14,51.06,25.76
2023-06-22,27.09,21.14,33.04,25.62
2023-06-23,23.51,21.03,33.04,25.48
2023-06-24,13.99,21.01,18.45,25.38
2023-06-25,7.3,20.88,11.7,25.24
2023-06-26,8.81,20.59,11.78,24.97
2023-06-27,13.59,20.39,16.91,24.82
2023-06-28,13.09,20.09,16.46,24.59
2023-06-29,9.74,19.61,12.73,24.26
2023-06-30,7.16,19.14,9.29,23.91
2023-07-01,,18.53,14.23,23.35
2023-07-02,,18.0,17.57,22.68
2023-07-03,17.93,17.43,18.12,22.0
2023-07-04,15.2,16.88,17.75,21.6
2023-07-05,9.91,16.78,13.64,21.01
2023-07-06,12.14,16.27,15.29,20.42
2023-07-07,11.55,15.76,12.55,19.44
2023-07-08,16.1,15.3,19.17,18.91
2023-07-09,16.13,14.88,19.96,18.22
2023-07-10,15.22,14.73,19.2,18.0
2023-07-11,19.71,14.84,24.19,18.09
2023-07-12,17.13,15.1,22.46,18.34
2023-07-13,16.26,15.47,21.52,18.71
2023-07-14,19.42,15.39,25.4,18.67
2023-07-15,20.2,15.45,22.32,18.73
2023-07-16,21.62,15.7,24.02,18.98
2023-07-17,17.95,15.44,22.47,18.92
2023-07-18,18.91,15.27,23.92,18.8
2023-07-19,19.86,14.97,24.91,18.6
2023-07-20,16.21,14.82,19.61,18.51
2023-07-21,15.5,15.01,21.54,18.68
2023-07-22,14.26,15.16,17.01,18.91
2023-07-23,11.74,15.19,12.55,19.11
2023-07-24,9.83,15.17,11.86,19.17
2023-07-25,10.41,15.11,14.17,19.12
2023-07-26,16.17,15.14,19.41,19.3
2023-07-27,23.92,14.99,28.05,19.37
2023-07-28,10.83,15.22,15.14,19.64
2023-07-29,11.22,15.43,14.51,19.87
2023-07-30,14.14,15.2,17.0,19.61
2023-07-31,8.42,14.92,12.24,19.44
2023-08-01,10.35,14.6,14.05,19.2
2023-08-02,8.9,14.57,12.07,19.28
2023-08-03,10.7,14.53,15.1,19.35
2023-08-04,15.45,14.19,18.61,18.98
2023-08-05,16.76,14.31,22.45,19.19
2023-08-06,12.46,14.64,18.32,19.59
2023-08-07,15.39,14.66,21.11,19.8
2023-08-08,14.3,14.66,18.39,19.97
2023-08-09,16.05,14.54,24.56,19.92
2023-08-10,15.48,14.61,26.29,19.97
2023-08-11,23.95,14.6,30.65,20.05
2023-08-12,22.5,14.24,28.52,19.75
2023-08-13,12.52,14.21,17.44,19.8
2023-08-14,11.9,14.23,17.31,19.96
2023-08-15,11.91,14.2,16.74,20.22
2023-08-16,16.95,14.47,24.78,20.43
2023-08-17,17.83,14.6,26.15,20.79
2023-08-18,9.54,14.83,13.9,21.29
2023-08-19,19.88,15.04,25.71,21.5
2023-08-20,25.5,15.07,33.52,21.65
2023-08-21,14.91,15.0,23.4,21.65
2023-08-22,11.57,15.1,17.75,21.75
2023-08-23,6.26,15.02,10.37,21.69
2023-08-24,12.64,14.85,15.69,21.51
2023-08-25,15.75,14.61,21.54,21.1
2023-08-26,13.04,14.48,19.18,20.75
2023-08-27,10.0,13.94,16.57,20.09
2023-08-28,11.8,13.5,19.48,19.55
2023-08-29,13.32,13.39,24.83,19.47
2023-08-30,16.55,13.35,18.45,19.42
2023-08-31,14.17,13.4,24.77,19.48
2023-09-01,15.89,13.37,27.05,19.33
2023-09-02,17.0,13.01,21.42,18.8
2023-09-03,16.3,12.94,23.23,18.86
2023-09-04,14.54,12.66,22.5,18.35
2023-09-05,15.54,12.16,21.3,17.72
2023-09-06,12.87,12.08,19.24,17.66
2023-09-07,9.24,12.02,12.96,17.58
2023-09-08,8.95,12.36,12.4,18.02
2023-09-09,11.45,12.43,15.74,18.38
2023-09-10,7.78,12.29,10.75,18.31
2023-09-11,9.35,12.18,12.48,18.21
2023-09-12,9.35,12.19,14.77,18.18
2023-09-13,10.71,12.2,16.06,18.22
2023-09-14,13.35,12.28,18.41,18.12
2023-09-15,16.05,12.2,20.23,18.08
2023-09-16,6.88,12.3,10.34,17.74
2023-09-17,7.61,12.05,15.61,17.16
2023-09-18,11.45,11.73,10.55,16.84
2023-09-19,10.41,11.46,14.54,16.33
2023-09-20,12.65,11.27,21.46,16.04
2023-09-21,9.65,10.99,15.55,15.86
2023-09-22,16.41,10.79,23.52,15.6
2023-09-23,14.87,10.83,26.54,15.51
2023-09-24,11.62,10.94,19.28,15.57
2023-09-25,9.58,11.18,16.13,15.73
2023-09-26,10.33,11.61,15.72,16.71
2023-09-27,12.22,11.74,20.76,17.51
2023-09-28,15.7,11.99,21.82,17.91
2023-09-29,14.18,12.04,17.37,18.28
2023-09-30,17.02,11.94,14.49,18.34
2023-10-01,8.55,11.9,9.72,18.23
2023-10-02,7.28,11.92,11.58,18.58
2023-10-03,8.1,12.29,8.14,18.58
2023-10-04,9.07,12.63,13.6,19.33
2023-10-05,7.0,13.21,16.06,20.45
2023-10-06,6.95,13.86,11.37,21.19
2023-10-07,10.27,14.78,10.27,21.92
2023-10-08,12.3,14.86,14.13,21.96
2023-10-09,18.63,15.05,20.66,22.0
2023-10-10,20.82,15.29,40.16,22.39
2023-10-11,13.33,15.61,36.35,22.9
2023-10-12,16.57,15.75,26.73,23.44
2023-10-13,12.35,15.77,27.42,23.34
2023-10-14,10.21,15.62,20.09,23.07
2023-10-15,14.91,15.53,16.79,23.05
2023-10-16,7.67,15.15,20.83,23.16
2023-10-17,18.5,15.16,15.62,23.45
2023-10-18,21.67,15.35,33.18,23.53
2023-10-19,27.79,15.78,47.99,24.23
2023-10-20,32.13,16.17,43.91,25.03
2023-10-21,37.42,16.85,37.46,25.98
2023-10-22,18.68,17.24,24.74,26.73
2023-10-23,20.64,17.44,27.69,27.49
2023-10-24,18.7,17.9,31.0,28.37
2023-10-25,19.22,18.04,31.27,29.48
2023-10-26,14.65,17.83,31.82,29.8
2023-10-27,12.79,17.58,17.87,29.38
2023-10-28,11.18,17.24,13.61,29.47
2023-10-29,11.59,17.07,16.96,29.54
2023-10-30,5.58,16.9,17.87,29.89
2023-10-31,8.92,16.63,18.37,30.79
2023-11-01,12.95,16.93,14.04,31.29
2023-11-02,20.87,17.23,28.91,32.6
2023-11-03,20.83,17.85,37.57,33.32
2023-11-04,27.35,17.95,44.83,33.09
2023-11-05,18.71,17.69,33.64,32.97
2023-11-06,16.17,17.23,33.03,32.54
2023-11-07,26.17,16.84,40.74,32.08
2023-11-08,22.75,16.47,53.85,31.65
2023-11-09,14.71,16.49,49.73,32.08
2023-11-10,5.82,16.49,23.82,32.86
2023-11-11,6.21,16.88,,32.98
2023-11-12,7.42,17.2,,33.75
2023-11-13,5.0,17.24,,34.0
2023-11-14,6.96,17.4,40.89,34.52
2023-11-15,16.5,17.75,34.55,36.08
2023-11-16,27.54,18.86,50.91,38.12
2023-11-17,40.12,19.48,52.44,39.87
2023-11-18,30.83,20.09,41.94,41.23
2023-11-19,24.5,20.5,40.62,41.69
2023-11-20,23.46,20.52,25.76,41.45
2023-11-21,7.2,21.04,12.48,42.35
2023-11-22,9.33,20.93,15.93,42.12
2023-11-23,19.35,20.51,42.68,41.54
2023-11-24,19.33,20.97,52.22,41.28
2023-11-25,26.38,21.6,35.22,40.61
2023-11-26,22.25,21.67,38.55,40.2
2023-11-27,12.5,22.29,20.53,40.63
2023-11-28,16.22,22.93,31.01,41.05
2023-11-29,16.25,23.39,59.86,40.83
2023-11-30,42.08,23.44,73.49,39.88
2023-12-01,31.59,23.42,61.27,39.89
2023-12-02,39.21,22.93,65.78,38.8
2023-12-03,33.0,23.42,49.75,38.15
2023-12-04,28.04,23.86,38.59,37.81
2023-12-05,34.42,23.82,57.69,37.36
2023-12-06,12.88,23.92,26.91,38.36
2023-12-07,13.43,24.76,25.12,40.34
2023-12-08,36.46,25.55,46.72,42.4
2023-12-09,33.83,25.65,31.87,42.32
2023-12-10,7.83,25.9,12.76,41.68
2023-12-11,24.67,25.53,52.02,41.77
2023-12-12,26.75,25.22,52.77,41.48
2023-12-13,18.78,25.69,34.63,42.32
2023-12-14,8.35,25.62,12.38,42.01
2023-12-15,16.17,25.9,34.72,41.14
2023-12-16,12.67,25.54,18.41,40.07
2023-12-17,54.91,29.13,32.74,41.24
2023-12-18,43.96,34.2,31.74,40.93
2023-12-19,23.33,33.77,27.28,40.55
2023-12-20,26.58,33.32,55.71,41.13
2023-12-21,32.17,32.8,71.94,40.37
2023-12-22,33.1,32.84,77.56,40.52
2023-12-23,22.31,33.57,40.25,41.64
2023-12-24,26.79,33.13,33.0,41.58
2023-12-25,15.48,32.67,38.09,41.56
2023-12-26,12.76,33.03,29.92,42.36
2023-12-27,26.75,33.72,45.61,42.03
2023-12-28,14.04,34.63,21.83,41.64
2023-12-29,24.65,35.63,33.65,41.9
2023-12-30,31.23,36.45,41.33,43.04
2023-12-31,139.38,37.29,96.38,43.37
2024-01-01,191.39,37.53,56.4,44.41
2024-01-02,19.87,36.25,38.33,44.92
2024-01-03,14.75,35.32,56.04,45.52
2024-01-04,18.7,36.73,34.88,46.38
2024-01-05,14.08,37.29,31.5,44.91
2024-01-06,35.29,36.88,58.78,42.72
2024-01-07,23.33,36.46,44.92,42.04
2024-01-08,20.13,36.99,31.32,42.13
2024-01-09,18.43,37.44,36.62,45.92
2024-01-10,45.42,37.47,,46.33
2024-01-11,54.08,37.4,,45.38
2024-01-12,48.67,37.07,,44.29
2024-01-13,32.92,36.87,,43.65
2024-01-14,41.58,36.46,,42.52
2024-01-15,19.75,35.74,,41.45
2024-01-16,16.71,31.6,,37.77
2024-01-17,16.0,25.9,,36.62
2024-01-18,65.48,25.92,,36.55
2024-01-19,43.36,26.32,24.7,35.5
2024-01-20,19.96,26.22,25.95,34.45
2024-01-21,20.39,25.98,63.27,33.57
2024-01-22,38.3,25.03,,30.92
2024-01-23,40.21,24.63,108.82,29.29
2024-01-24,16.38,24.71,,29.29
2024-01-25,10.64,25.21,11.81,29.18
2024-01-26,16.91,24.57,25.03,29.23
2024-01-27,8.0,23.85,9.57,29.68
2024-01-28,12.38,23.01,12.18,29.28
2024-01-29,9.71,22.14,20.99,28.44
2024-01-30,15.08,21.16,26.44,27.67
2024-01-31,20.38,21.17,34.65,28.14
2024-02-01,20.48,21.72,36.96,29.25
2024-02-02,26.83,21.78,36.11,29.36
2024-02-03,15.82,19.89,15.02,28.84
2024-02-04,6.83,19.03,14.65,28.73
2024-02-05,6.88,19.79,8.42,29.72
2024-02-06,11.25,20.22,14.07,28.59
2024-02-07,22.42,19.86,31.21,28.94
2024-02-08,33.53,19.08,34.48,26.01
2024-02-09,26.29,19.17,30.17,25.88
2024-02-10,32.33,19.37,38.85,26.02
2024-02-11,23.42,19.64,20.9,26.13
2024-02-12,6.83,20.43,9.91,27.0
2024-02-13,12.21,21.01,9.89,27.6
2024-02-14,20.25,21.86,39.33,27.97
2024-02-15,33.08,22.4,57.06,28.53
2024-02-16,17.79,22.6,32.33,28.3
2024-02-17,8.78,22.94,14.67,28.81
2024-02-18,17.48,23.0,21.55,28.56
2024-02-19,42.88,23.44,53.83,29.04
2024-02-20,33.25,24.07,31.67,29.57
2024-02-21,27.44,24.9,38.67,30.39
2024-02-22,16.75,25.62,23.96,31.04
2024-02-23,19.21,25.84,22.08,31.03
2024-02-24,16.5,25.07,15.95,30.88
2024-02-25,25.17,24.48,28.39,30.92
2024-02-26,31.75,23.88,35.65,30.54
2024-02-27,29.82,23.76,30.26,31.02
2024-02-28,35.04,24.19,31.81,31.89
2024-02-29,31.29,24.57,43.29,32.67
2024-03-01,26.57,24.86,27.81,32.19
2024-03-02,30.52,24.42,52.28,30.58
2024-03-03,28.62,24.29,,29.92
2024-03-04,29.17,24.13,,29.44
2024-03-05,25.61,23.93,,28.82
2024-03-06,31.74,23.02,,27.83
2024-03-07,32.96,22.55,,27.78
2024-03-08,29.0,22.38,,26.88
2024-03-09,10.38,22.25,,26.12
2024-03-10,8.67,22.27,,26.1
2024-03-11,14.12,22.33,,26.21
2024-03-12,19.79,21.79,,25.34
2024-03-13,19.79,21.27,27.24,24.67
2024-03-14,23.57,20.68,25.52,23.89
2024-03-15,29.08,19.81,29.8,23.04
2024-03-16,20.0,19.22,24.78,21.88
2024-03-17,13.83,19.14,19.2,21.7
2024-03-18,4.0,19.38,5.0,20.39
2024-03-19,11.32,19.08,9.21,20.26
2024-03-20,15.71,18.41,33.99,19.73
2024-03-21,19.04,17.93,30.64,19.49
2024-03-22,,17.26,20.62,19.4
2024-03-23,12.85,16.71,8.85,19.45
2024-03-24,19.92,16.34,21.64,19.48
2024-03-25,18.17,16.87,18.28,19.73
2024-03-26,9.54,17.8,10.92,20.32
2024-03-27,16.77,17.92,22.31,20.5
2024-03-28,12.71,17.57,14.48,20.08
2024-03-29,9.65,17.29,15.01,19.59
2024-03-30,14.42,16.98,20.1,19.37
2024-03-31,24.14,16.55,24.16,19.19
2024-04-01,37.43,16.64,26.0,19.32
2024-04-02,20.05,17.0,17.62,19.72
2024-04-03,9.61,17.86,8.62,20.46
2024-04-04,11.86,18.54,14.17,21.33
2024-04-05,12.06,19.02,17.39,21.25
2024-04-06,17.17,19.08,20.67,21.03
2024-04-07,18.35,18.6,20.35,20.65
2024-04-08,25.75,18.41,26.04,20.67
2024-04-09,35.42,18.08,36.29,20.45
2024-04-10,17.74,18.08,25.67,20.36
2024-04-11,9.52,18.57,7.72,20.8
2024-04-12,11.83,18.97,12.76,21.2
2024-04-13,14.38,19.78,18.67,21.91
2024-04-14,16.62,20.57,24.62,22.56
2024-04-15,22.75,21.04,28.48,22.85
2024-04-16,24.12,21.3,31.22,23.04
2024-04-17,29.13,21.01,27.3,23.13
2024-04-18,31.08,21.32,35.18,23.62
2024-04-19,29.43,22.08,31.58,24.49
2024-04-20,20.77,22.56,24.09,24.81
2024-04-21,4.9,23.13,9.19,25.26
2024-04-22,6.88,23.5,9.59,25.55
2024-04-23,10.21,24.07,15.09,26.0
2024-04-24,18.04,24.39,15.46,26.32
2024-04-25,24.36,24.39,24.09,26.1
2024-04-26,28.67,25.35,34.25,26.75
2024-04-27,37.04,26.66,35.95,27.9
2024-04-28,33.22,27.44,34.62,28.77
2024-04-29,28.71,27.98,28.74,29.11
2024-04-30,32.0,28.24,29.91,29.27
2024-05-01,28.6,28.76,28.56,29.3
2024-05-02,29.43,29.3,32.43,29.6
2024-05-03,32.22,29.13,34.62,29.69
2024-05-04,26.55,28.89,23.86,29.48
2024-05-05,28.91,29.01,30.9,29.39
2024-05-06,28.45,29.86,29.21,29.61
2024-05-07,35.21,31.09,33.96,30.5
2024-05-08,35.53,32.47,35.63,31.45
2024-05-09,35.42,33.68,29.55,32.23
2024-05-10,46.58,34.24,45.16,33.07
2024-05-11,48.88,34.8,42.42,33.54
2024-05-12,35.22,35.04,38.85,33.5
2024-05-13,30.52,35.41,28.92,33.36
2024-05-14,24.25,35.72,,33.28
2024-05-15,38.57,35.41,,33.58
2024-05-16,40.25,35.53,39.75,
2024-05-17,23.95,35.58,,
2024-05-18,23.83,35.9,,
2024-05-19,33.09,36.22,,
2024-05-20,46.22,36.55,,
2024-05-21,41.84,36.71,,
2024-05-22,48.36,36.71,,
2024-05-23,46.48,37.09,,
2024-05-24,34.91,37.15,,
2024-05-25,41.0,37.05,,
2024-05-26,35.95,36.27,,
2024-05-27,48.13,35.48,,
2024-05-28,42.59,35.19,,
2024-05-29,19.23,34.85,,
2024-05-30,35.8,34.48,,
2024-05-31,30.13,33.53,,
2024-06-01,38.89,32.52,38.39,
2024-06-02,41.75,32.19,40.33,
2024-06-03,36.57,31.68,34.26,
2024-06-04,33.75,30.86,32.98,
2024-06-05,28.5,29.48,26.68,20.75
2024-06-06,46.57,28.2,,19.79
2024-06-07,,27.48,,19.79
2024-06-08,32.53,26.78,,19.79
2024-06-09,24.07,26.47,,19.79
2024-06-10,25.85,25.89,28.65,19.79
2024-06-11,27.0,25.47,26.13,19.79
2024-06-12,20.73,24.48,19.08,19.79
2024-06-13,13.24,23.66,11.6,19.1
2024-06-14,11.15,23.87,9.9,19.12
2024-06-15,11.03,23.27,9.68,19.12
2024-06-16,14.41,22.91,10.28,18.55
2024-06-17,9.03,21.74,8.16,16.91
2024-06-18,9.33,20.54,8.31,15.56
2024-06-19,6.04,19.67,6.81,14.72
2024-06-20,4.88,19.13,5.41,14.05
2024-06-21,,19.26,,13.95
2024-06-22,,18.27,,14.73
2024-06-23,,18.5,,15.24
2024-06-24,,17.86,,15.45
2024-06-25,,17.46,,15.67
2024-06-26,,16.87,,15.18
2024-06-27,,16.15,8.12,14.7
2024-06-28,,15.94,19.4,14.26
2024-06-29,,16.48,19.2,14.32
2024-06-30,,17.38,7.62,14.7
2024-07-01,16.6,17.91,5.64,15.51
2024-07-02,18.98,18.75,13.32,15.74
2024-07-03,20.03,19.52,17.47,16.6
2024-07-04,23.58,20.15,19.65,17.31
2024-07-05,30.94,21.11,24.49,18.12
2024-07-06,27.69,22.34,30.35,19.05
2024-07-07,22.89,22.15,26.03,18.99
2024-07-08,19.83,21.87,20.08,19.01
2024-07-09,15.92,21.57,20.67,18.82
2024-07-10,14.06,21.12,17.0,18.6
2024-07-11,12.6,20.86,14.54,18.49
2024-07-12,16.59,20.94,8.63,18.49
2024-07-13,23.96,21.02,12.91,19.03
2024-07-14,29.26,20.87,19.17,18.92
2024-07-15,21.68,20.84,29.12,18.96
2024-07-16,31.14,20.75,,19.37
2024-07-17,24.37,21.25,27.77,20.33
2024-07-18,22.06,21.73,24.81,21.16
2024-07-19,25.2,21.89,25.46,21.57
2024-07-20,29.41,21.77,26.75,21.61
2024-07-21,18.46,21.4,17.62,21.33
2024-07-22,15.82,21.04,19.35,20.94
2024-07-23,14.97,20.77,14.26,20.75
2024-07-24,10.83,20.6,12.87,20.8
2024-07-25,14.69,20.75,15.5,20.82
2024-07-26,22.9,20.87,18.52,20.96
2024-07-27,23.18,21.09,23.8,21.12
2024-07-28,16.68,20.9,16.06,21.28
2024-07-29,20.03,20.41,20.34,21.26
2024-07-30,18.14,19.79,19.7,21.06
2024-07-31,31.54,19.52,33.33,20.64
2024-08-01,33.53,18.97,37.38,20.72
2024-08-02,24.74,18.52,29.41,20.28
2024-08-03,19.96,18.23,20.66,20.03
2024-08-04,20.01,17.8,16.63,19.67
2024-08-05,16.63,17.12,18.85,19.22
2024-08-06,14.96,16.82,20.68,19.14
2024-08-07,14.81,16.71,21.33,19.03
2024-08-08,20.25,16.62,21.38,19.11
2024-08-09,17.63,16.62,20.98,19.19
2024-08-10,19.14,16.64,19.22,19.28
2024-08-11,11.06,16.47,13.29,19.28
2024-08-12,9.22,16.16,12.29,19.13
2024-08-13,10.8,16.05,13.49,19.24
2024-08-14,13.39,15.77,16.94,19.17
2024-08-15,14.8,15.53,22.85,19.18
2024-08-16,10.78,14.8,14.76,18.66
2024-08-17,13.43,14.1,17.35,17.97
2024-08-18,12.24,13.56,14.38,17.44
2024-08-19,8.89,13.14,13.39,17.19
2024-08-20,9.67,12.8,15.34,17.12
2024-08-21,12.42,12.46,15.86,16.76
2024-08-22,12.12,12.22,16.62,16.41
2024-08-23,10.85,12.2,15.36,16.25
2024-08-24,15.52,11.92,18.07,16.08
2024-08-25,17.6,11.81,18.73,15.99
2024-08-26,13.89,11.72,19.12,16.04
2024-08-27,13.5,11.72,19.51,16.19
2024-08-28,11.6,12.0,18.33,16.82
2024-08-29,10.98,12.39,19.96,17.45
2024-08-30,9.61,12.58,17.69,17.79
2024-08-31,12.45,12.75,16.68,17.95
2024-09-01,8.47,12.78,13.55,18.0
2024-09-02,7.48,12.64,12.99,17.77
2024-09-03,9.86,12.6,14.61,17.84
2024-09-04,6.34,12.72,8.04,18.08
2024-09-05,7.87,13.03,10.04,18.45
2024-09-06,14.0,13.21,16.68,18.77
2024-09-07,11.87,13.28,16.26,18.84
2024-09-08,14.56,13.22,18.33,18.76
2024-09-09,16.22,12.96,20.61,18.5
2024-09-10,11.22,12.7,17.93,18.36
2024-09-11,17.64,12.56,31.0,18.37
2024-09-12,22.49,12.46,32.46,18.47
2024-09-13,18.96,12.89,27.33,18.86
2024-09-14,20.06,13.44,27.5,19.31
2024-09-15,11.52,14.02,16.28,19.53
2024-09-16,9.42,14.41,10.5,19.95
2024-09-17,10.94,14.58,16.47,20.04
2024-09-18,12.37,14.9,20.44,20.42
2024-09-19,19.12,15.26,26.66,21.02
2024-09-20,17.86,15.54,25.36,21.71
2024-09-21,14.23,15.75,18.72,22.06
2024-09-22,8.99,15.81,12.99,21.91
2024-09-23,7.6,15.97,10.35,22.2
2024-09-24,9.78,16.3,14.35,22.42
2024-09-25,9.7,16.68,19.46,22.72
2024-09-26,10.66,17.25,22.53,23.25
2024-09-27,24.38,17.44,30.19,23.33
2024-09-28,27.57,17.54,33.17,23.28
2024-09-29,27.04,17.76,24.56,23.29
2024-09-30,24.19,17.66,29.07,23.17
2024-10-01,13.63,17.87,16.27,23.68
2024-10-02,16.82,18.01,24.52,24.45
2024-10-03,20.79,18.02,32.45,24.25
2024-10-04,14.85,17.95,28.8,23.98
2024-10-05,14.08,17.74,20.7,23.4
2024-10-06,15.86,17.53,12.14,23.09
2024-10-07,16.59,17.39,24.97,22.74
2024-10-08,24.36,17.45,24.81,22.84
2024-10-09,27.71,17.74,29.64,23.23
2024-10-10,28.22,18.11,33.73,23.67
2024-10-11,23.51,18.62,33.54,24.29
2024-10-12,25.41,18.89,30.97,24.54
2024-10-13,25.55,18.45,27.67,24.07
2024-10-14,17.15,17.93,23.82,23.56
2024-10-15,17.65,17.45,31.42,23.45
2024-10-16,13.59,17.42,33.61,23.87
2024-10-17,11.31,17.71,10.52,25.15
2024-10-18,10.32,17.81,12.46,25.39
2024-10-19,12.71,17.52,9.08,24.95
2024-10-20,11.81,17.59,16.09,24.82
2024-10-21,9.81,17.78,8.19,25.24
2024-10-22,10.96,17.85,16.08,25.82
2024-10-23,16.3,17.96,22.19,26.27
2024-10-24,20.82,17.94,27.5,26.92
2024-10-25,24.84,17.67,37.97,27.05
2024-10-26,19.01,17.23,29.98,26.81
2024-10-27,11.18,17.31,16.11,26.89
2024-10-28,11.78,17.26,18.05,26.71
2024-10-29,12.77,16.97,21.03,26.84
2024-10-30,23.2,16.97,41.75,27.1
2024-10-31,22.41,16.7,54.74,26.55
2024-11-01,19.91,16.76,31.69,26.55
2024-11-02,12.0,17.02,19.34,27.23
2024-11-03,16.95,17.57,24.78,28.29
2024-11-04,19.78,17.68,33.39,29.18
2024-11-05,17.96,17.88,29.6,29.8
2024-11-06,19.76,18.05,38.29,30.33
2024-11-07,23.79,18.14,44.26,30.61
2024-11-08,19.52,18.44,33.66,31.6
2024-11-09,15.25,18.36,26.67,32.62
2024-11-10,25.76,18.12,35.9,33.23
2024-11-11,24.08,18.53,25.36,33.84
2024-11-12,16.77,18.9,31.54,34.7
2024-11-13,17.07,20.15,31.65,36.48
2024-11-14,9.71,21.02,15.03,37.64
2024-11-15,15.39,20.47,33.63,36.78
2024-11-16,18.96,20.23,31.0,36.31
2024-11-17,26.91,20.75,44.21,37.52
2024-11-18,16.02,20.87,35.56,37.9
2024-11-19,17.75,20.43,34.77,37.44
2024-11-20,14.79,20.57,24.06,38.26
2024-11-21,13.82,20.87,24.45,39.66
2024-11-22,25.21,20.43,51.91,38.72
2024-11-23,,20.11,58.22,38.94
2024-11-24,,20.96,56.35,40.81
2024-11-25,30.46,21.94,48.18,40.75
2024-11-26,21.37,21.97,41.88,40.95
2024-11-27,46.92,21.44,71.52,40.46
2024-11-28,37.05,21.7,55.72,40.6
2024-11-29,7.82,22.47,16.09,41.87
2024-11-30,15.67,23.36,40.57,43.41
2024-12-01,34.47,23.85,68.03,43.93
2024-12-02,15.33,24.21,30.76,44.82
2024-12-03,4.56,24.0,10.9,44.49
2024-12-04,23.79,23.99,57.97,44.46
2024-12-05,26.24,23.81,71.77,44.0
2024-12-06,7.61,23.98,10.05,44.59
2024-12-07,14.72,24.02,50.78,44.55
2024-12-08,43.37,23.63,89.63,43.66
2024-12-09,42.78,23.54,25.04,42.93
2024-12-10,26.55,24.77,41.96,42.89
2024-12-11,9.2,24.67,10.6,43.12
2024-12-12,24.05,24.99,35.59,43.01
2024-12-13,38.63,24.81,69.8,42.42
2024-12-14,34.67,24.67,61.32,41.95
2024-12-15,29.17,25.69,49.26,42.46
2024-12-16,29.08,26.49,57.7,42.26
2024-12-17,20.93,27.01,34.4,41.03
2024-12-18,15.82,27.67,34.47,41.62
2024-12-19,12.75,28.51,20.94,42.84
2024-12-20,19.36,29.16,41.74,43.13
2024-12-21,15.14,29.21,23.42,42.65
2024-12-22,14.27,29.79,25.03,43.58
2024-12-23,20.84,29.51,36.54,42.23
2024-12-24,60.37,28.3,55.06,39.6
2024-12-25,27.68,27.18,55.2,39.13
2024-12-26,30.83,26.82,38.59,38.62
2024-12-27,41.59,26.87,53.56,39.16
2024-12-28,32.76,26.76,41.7,39.11
2024-12-29,38.59,26.44,31.47,38.68
2024-12-30,39.63,25.57,34.37,37.1
2024-12-31,50.1,25.41,31.35,36.95
2025-01-01,35.17,25.01,48.41,36.86
2025-01-02,29.49,25.01,47.39,36.75
2025-01-03,43.28,26.44,66.73,37.93
2025-01-04,27.85,27.64,57.5,38.98
2025-01-05,24.95,27.65,37.87,38.61
2025-01-06,6.46,27.44,10.38,38.39
2025-01-07,6.99,27.17,10.67,38.4
2025-01-08,9.14,27.23,10.96,38.67
2025-01-09,15.91,25.68,26.54,38.39
2025-01-10,10.7,25.37,26.84,37.47
2025-01-11,20.66,26.25,34.11,39.18
2025-01-12,28.99,25.82,57.02,39.49
2025-01-13,8.48,25.22,13.91,39.32
2025-01-14,24.53,24.48,44.51,39.79
2025-01-15,16.94,24.34,55.02,40.58
2025-01-16,20.97,23.76,31.26,41.79
2025-01-17,58.73,23.41,69.97,41.68
2025-01-18,48.96,24.42,52.4,40.98
2025-01-19,19.56,24.11,30.46,40.2
2025-01-20,8.77,24.37,16.78,40.0
2025-01-21,6.23,24.33,25.4,40.46
2025-01-22,22.74,25.05,44.55,41.69
2025-01-23,13.79,25.85,46.69,43.36
2025-01-24,18.33,26.81,27.7,45.01
2025-01-25,57.07,27.62,89.94,46.07
2025-01-26,28.73,28.46,62.78,46.96
2025-01-27,14.93,28.66,36.62,47.16
2025-01-28,16.3,28.71,45.45,46.68
2025-01-29,35.4,29.39,58.2,47.81
2025-01-30,32.79,29.0,67.79,47.42
2025-01-31,24.61,29.61,45.02,48.22
2025-02-01,59.71,30.44,26.31,49.8
2025-02-02,33.97,29.21,43.4,48.25
2025-02-03,35.6,28.1,51.46,47.46
2025-02-04,23.97,28.64,51.7,48.52
2025-02-05,28.04,28.95,47.14,49.45
2025-02-06,30.93,29.14,60.87,50.3
2025-02-07,37.99,29.3,60.38,50.52
2025-02-08,40.05,29.83,58.35,50.66
2025-02-09,35.9,30.24,53.74,51.58
2025-02-10,26.88,28.81,39.95,49.99
2025-02-11,30.34,28.88,42.56,47.85
2025-02-12,28.93,29.32,,48.34
2025-02-13,12.81,29.37,33.4,47.23
2025-02-14,35.12,28.82,78.04,45.19
2025-02-15,46.01,28.99,77.31,43.05
2025-02-16,21.69,28.83,24.75,41.75
2025-02-17,15.73,27.64,29.73,41.66
2025-02-18,35.75,27.5,60.97,40.98
2025-02-19,18.09,27.71,43.75,41.86
2025-02-20,12.04,28.14,,40.91
2025-02-21,27.43,28.33,,39.86
2025-02-22,,28.11,,37.94
2025-02-23,,27.03,,35.6
2025-02-24,16.92,25.9,,33.41
2025-02-25,30.63,25.47,11.47,32.01
2025-02-26,27.43,24.99,,31.06
2025-02-27,17.7,24.48,20.0,29.82
2025-02-28,19.82,24.08,11.32,29.14
2025-03-01,37.67,24.68,18.54,28.3
2025-03-02,20.19,24.2,15.03,25.7
2025-03-03,26.26,23.28,24.22,23.28
2025-03-04,30.06,23.13,27.91,23.03
2025-03-05,41.63,24.9,71.59,23.89
2025-03-06,35.74,24.35,29.94,22.01
2025-03-07,33.61,24.27,23.05,20.73
2025-03-08,24.75,24.49,16.65,20.69
2025-03-09,7.76,24.47,6.57,20.67
2025-03-10,8.3,24.41,8.03,20.56
2025-03-11,23.81,24.19,21.55,20.25
2025-03-12,13.45,24.2,18.04,19.98
2025-03-13,16.12,23.43,13.95,19.87
2025-03-14,17.7,23.02,13.53,19.62
2025-03-15,29.65,23.19,13.16,19.54
2025-03-16,21.69,23.13,15.8,19.52
2025-03-17,20.13,22.7,19.2,19.39
2025-03-18,17.69,23.06,18.64,19.49
2025-03-19,65.32,23.06,50.47,19.26
2025-03-20,20.22,22.82,15.84,18.8
2025-03-21,15.97,22.2,13.11,16.91
2025-03-22,18.03,21.42,19.59,16.26
2025-03-23,26.78,20.46,20.13,15.64
2025-03-24,22.8,19.94,17.88,15.33
2025-03-25,17.78,20.2,11.82,15.46
2025-03-26,17.34,20.39,12.34,15.63
2025-03-27,7.6,20.22,8.29,15.44
2025-03-28,15.05,20.24,12.41,15.25
2025-03-29,22.64,20.15,17.51,15.11
2025-03-30,18.31,20.1,10.84,15.16
2025-03-31,24.52,19.85,14.47,15.12
2025-04-01,31.06,19.72,18.21,15.02
2025-04-02,26.2,19.62,17.29,14.75
2025-04-03,22.87,19.64,14.21,14.56
2025-04-04,23.03,18.19,14.68,13.35
2025-04-05,12.38,18.49,10.48,13.44
2025-04-06,4.85,18.58,4.52,13.48
2025-04-07,9.21,18.54,7.4,13.2
2025-04-08,15.46,18.24,10.28,12.95
2025-04-09,14.12,18.3,13.23,12.89
2025-04-10,18.53,18.37,15.83,12.97
2025-04-11,14.16,18.69,12.23,13.02
2025-04-12,13.4,19.32,9.9,13.16
2025-04-13,16.29,19.45,14.93,13.17
2025-04-14,21.94,19.41,12.05,13.09
2025-04-15,17.74,19.34,12.8,13.14
2025-04-16,17.28,19.11,11.03,13.21
2025-04-17,18.35,18.77,13.07,13.04
2025-04-18,21.62,18.61,14.03,12.91
2025-04-19,29.49,18.1,18.51,12.87
2025-04-20,18.66,17.67,14.3,12.8
2025-04-21,16.86,17.84,11.32,12.89
2025-04-22,17.7,18.44,12.63,13.21
2025-04-23,24.58,18.71,16.2,13.44
2025-04-24,19.86,18.69,14.11,13.57
2025-04-25,26.85,18.51,13.77,13.5
2025-04-26,26.6,18.49,12.68,13.41
2025-04-27,18.82,18.64,12.67,13.51
2025-04-28,21.44,18.7,15.03,13.84
2025-04-29,16.32,18.76,12.42,14.32
2025-04-30,17.62,18.9,16.56,14.42
2025-05-01,20.92,19.37,12.96,14.49
2025-05-02,21.31,20.06,13.48,14.66
2025-05-03,7.5,20.66,,14.73
2025-05-04,10.31,21.17,,14.77
2025-05-05,17.44,21.15,,14.56
2025-05-06,22.86,21.52,,14.58
2025-05-07,17.34,21.9,,14.78
2025-05-08,14.94,21.73,,14.93
2025-05-09,8.7,21.57,11.55,
2025-05-10,17.94,21.57,13.62,
2025-05-11,18.47,21.28,14.75,
2025-05-12,15.23,21.09,17.76,
2025-05-13,18.17,21.31,26.35,
2025-05-14,26.04,21.25,,
2025-05-15,31.83,21.21,,
2025-05-16,38.08,21.1,,
2025-05-17,36.27,20.98,,
2025-05-18,37.01,20.74,,
2025-05-19,29.0,21.0,,
2025-05-20,29.5,21.44,,
2025-05-21,28.31,21.53,,19.04
2025-05-22,12.6,21.2,,18.81
2025-05-23,19.78,21.05,,18.5
2025-05-24,19.91,21.0,,18.4
2025-05-25,18.15,21.25,,18.45
2025-05-26,21.04,21.29,16.0,18.77
2025-05-27,25.44,21.45,23.05,19.07
2025-05-28,19.58,21.24,20.23,18.91
2025-05-29,15.11,21.22,17.32,18.55
2025-05-30,14.13,20.88,16.76,18.6
2025-05-31,17.57,20.45,14.61,18.58
2025-06-01,13.98,19.75,17.62,18.39
2025-06-02,15.4,18.85,22.59,18.22
2025-06-03,23.46,17.82,28.75,17.97
2025-06-04,20.17,17.1,24.67,17.69
2025-06-05,12.86,16.37,15.41,17.3
2025-06-06,12.83,15.73,13.39,16.92
2025-06-07,13.5,15.56,16.7,16.53
2025-06-08,16.15,15.16,12.53,16.15
2025-06-09,19.14,14.84,19.35,16.01
2025-06-10,23.15,14.58,20.14,15.91
2025-06-11,9.18,14.2,14.95,15.72
2025-06-12,17.36,13.65,19.77,15.35
2025-06-13,15.86,13.3,19.58,15.05
2025-06-14,18.99,13.11,18.11,14.87
2025-06-15,16.96,12.93,14.68,14.58
2025-06-16,9.34,12.53,14.63,14.38
2025-06-17,6.11,12.48,12.57,14.27
2025-06-18,7.42,12.38,11.05,13.97
2025-06-19,7.68,11.97,8.05,13.42
2025-06-20,8.92,11.65,7.36,12.99
2025-06-21,7.77,11.61,6.31,12.89
2025-06-22,7.68,11.55,6.0,12.87
2025-06-23,10.24,11.47,12.14,12.7
2025-06-24,10.43,11.26,12.89,12.71
2025-06-25,9.73,10.88,10.41,12.4
2025-06-26,8.92,10.27,11.82,12.01
2025-06-27,8.95,10.33,11.48,11.85
2025-06-28,9.33,9.94,11.67,11.41
2025-06-29,8.8,9.59,8.28,10.93
2025-06-30,5.7,9.0,8.41,10.48
